Model,City,Year,BodyType,milage range,Stroke,Mileage,Price,price in word
Honda CG 125,Karachi,2017,Standard,between 1 to 20000,4 Stroke,1,105000,From Ninty Thousand To  One Lac Twenty Thousand
Honda CD 70,Lahore,2018,Standard,between 1 to 20000,4 Stroke,15000,97500,From Ninty Thousand To  One Lac Twenty Thousand
Honda CD 70,Rawalpindi,2015,Standard,between 40001 to 60000,4 Stroke,44000,85000,From Sixty Thousand To Ninty Thousand
Honda CG 125,Karachi,2023,Standard,between 1 to 20000,4 Stroke,350,215000,From Two Lac Ten Thousand To  Two Lac Fourty Thousand
Honda CG 125,Karachi,2014,Standard,between 1 to 20000,4 Stroke,20000,90000,From Sixty Thousand To Ninty Thousand
Honda CG 125,Lahore,2021,Standard,between 200001 to 40000,4 Stroke,25000,155000,From One Lac Fifty Thousand To  One Lac Eighty Thousand
Honda CG 125,Lahore,2022,Standard,between 1 to 20000,4 Stroke,8500,180000,From One Lac Fifty Thousand To  One Lac Eighty Thousand
Honda CG 125,Lahore,2022,Standard,between 200001 to 40000,4 Stroke,25000,185000,From One Lac Eighty Thousand To  Two Lac Ten Thousand
Honda CG 125,Lahore,2019,Standard,between 1 to 20000,4 Stroke,8000,175000,From One Lac Fifty Thousand To  One Lac Eighty Thousand
Honda CG 125,Karachi,2021,Standard,between 1 to 20000,4 Stroke,11000,140000,From One Lac Twenty Thousand To  One Lac Fifty Thousand
Honda CD 70,Lahore,2022,Standard,between 1 to 20000,4 Stroke,2800,125000,From One Lac Twenty Thousand To  One Lac Fifty Thousand
Honda CG 125,Karachi,2016,Standard,between 40001 to 60000,4 Stroke,50000,100000,From Ninty Thousand To  One Lac Twenty Thousand
Honda CD 70,Rawalpindi,2021,Standard,between 1 to 20000,4 Stroke,14500,115000,From Ninty Thousand To  One Lac Twenty Thousand
Honda CD 70,Lahore,2023,Standard,between 1 to 20000,4 Stroke,8000,140000,From One Lac Twenty Thousand To  One Lac Fifty Thousand
Honda CG 125,Lahore,2023,Standard,between 1 to 20000,4 Stroke,5285,225000,From Two Lac Ten Thousand To  Two Lac Fourty Thousand
Honda CG 125,Rawalpindi,2019,Standard,between 40001 to 60000,4 Stroke,66000,160000,From One Lac Fifty Thousand To  One Lac Eighty Thousand
Honda CD 70,Rawalpindi,2012,Standard,between 1 to 20000,4 Stroke,999,45000,From Thirty Thousand To Sixty Thousand
Honda CG 125,Lahore,2022,Standard,between 1 to 20000,4 Stroke,4000,190000,From One Lac Eighty Thousand To  Two Lac Ten Thousand
Honda CD 70,Rawalpindi,2016,Standard,between 1 to 20000,4 Stroke,100,78000,From Sixty Thousand To Ninty Thousand
Honda CD 70,Lahore,2005,Standard,between 1 to 20000,4 Stroke,123,85000,From Sixty Thousand To Ninty Thousand
Honda CG 125,Lahore,2020,Standard,between 40001 to 60000,4 Stroke,160000,175000,From One Lac Fifty Thousand To  One Lac Eighty Thousand
Honda CG 125,Rawalpindi,2021,Standard,between 1 to 20000,4 Stroke,10000,160000,From One Lac Fifty Thousand To  One Lac Eighty Thousand
Honda CG 125,Lahore,2005,Standard,between 200001 to 40000,4 Stroke,25000,40000,From Thirty Thousand To Sixty Thousand
Honda CD 70,Karachi,2017,Standard,between 200001 to 40000,4 Stroke,22000,45000,From Thirty Thousand To Sixty Thousand
Honda CG 125,Lahore,2022,Standard,between 1 to 20000,4 Stroke,10000,200000,From One Lac Eighty Thousand To  Two Lac Ten Thousand
Honda CD 70,Lahore,2021,Standard,between 1 to 20000,4 Stroke,20000,105000,From Ninty Thousand To  One Lac Twenty Thousand
Honda CD 70,Rawalpindi,2020,Standard,between 1 to 20000,4 Stroke,18000,115000,From Ninty Thousand To  One Lac Twenty Thousand
Honda CG 125,Lahore,2022,Standard,between 200001 to 40000,4 Stroke,20500,175000,From One Lac Fifty Thousand To  One Lac Eighty Thousand
Honda CG 125,Karachi,2023,Standard,between 1 to 20000,4 Stroke,5000,173000,From One Lac Fifty Thousand To  One Lac Eighty Thousand
Honda CG 125,Rawalpindi,2021,Standard,between 1 to 20000,4 Stroke,18000,180000,From One Lac Fifty Thousand To  One Lac Eighty Thousand
Honda CD 70,Rawalpindi,2021,Standard,between 1 to 20000,4 Stroke,8000,118000,From Ninty Thousand To  One Lac Twenty Thousand
Honda CG 125,Lahore,2017,Standard,between 1 to 20000,4 Stroke,10700,155000,From One Lac Fifty Thousand To  One Lac Eighty Thousand
Honda CD 70,Lahore,2013,Standard,between 40001 to 60000,4 Stroke,45000,65000,From Sixty Thousand To Ninty Thousand
Honda CD 70,Rawalpindi,2020,Standard,between 40001 to 60000,4 Stroke,41319,113000,From Ninty Thousand To  One Lac Twenty Thousand
Honda CG 125,Lahore,2020,Standard,between 200001 to 40000,4 Stroke,25000,150000,From One Lac Twenty Thousand To  One Lac Fifty Thousand
Honda CD 70,Lahore,2005,Standard,between 40001 to 60000,4 Stroke,60000,90000,From Sixty Thousand To Ninty Thousand
Honda CD 70,Lahore,2010,Standard,between 40001 to 60000,4 Stroke,90000,60000,From Thirty Thousand To Sixty Thousand
Honda CD 70,Lahore,2022,Standard,between 200001 to 40000,4 Stroke,21000,120000,From Ninty Thousand To  One Lac Twenty Thousand
Honda CG 125,Lahore,2022,Standard,between 1 to 20000,4 Stroke,3500,192000,From One Lac Eighty Thousand To  Two Lac Ten Thousand
Honda CG 125,Lahore,2023,Standard,between 1 to 20000,4 Stroke,4000,260000,From Two Lac Fourty Thousand To  Two Lac Seventy Thousand
Honda CD 70,Lahore,2022,Standard,between 200001 to 40000,4 Stroke,26000,132000,From One Lac Twenty Thousand To  One Lac Fifty Thousand
Honda CD 70,Rawalpindi,2023,Standard,between 1 to 20000,4 Stroke,35,156000,From One Lac Fifty Thousand To  One Lac Eighty Thousand
Honda CG 125,Rawalpindi,2010,Standard,between 200001 to 40000,4 Stroke,25000,95000,From Ninty Thousand To  One Lac Twenty Thousand
Honda CG 125,Lahore,2023,Standard,between 1 to 20000,4 Stroke,4500,262000,From Two Lac Fourty Thousand To  Two Lac Seventy Thousand
Honda CD 70,Karachi,2023,Standard,between 1 to 20000,4 Stroke,1,100000,From Ninty Thousand To  One Lac Twenty Thousand
Honda CG 125,Lahore,2017,Standard,between 40001 to 60000,4 Stroke,45000,110000,From Ninty Thousand To  One Lac Twenty Thousand
Honda CG 125,Karachi,2013,Standard,between 40001 to 60000,4 Stroke,100000,93000,From Ninty Thousand To  One Lac Twenty Thousand
Honda CD 70,Rawalpindi,2022,Standard,between 1 to 20000,4 Stroke,7000,140000,From One Lac Twenty Thousand To  One Lac Fifty Thousand
Honda CD 70,Lahore,2022,Standard,between 1 to 20000,4 Stroke,3600,140000,From One Lac Twenty Thousand To  One Lac Fifty Thousand
Honda CG 125,Karachi,2013,Standard,between 40001 to 60000,4 Stroke,123456,85000,From Sixty Thousand To Ninty Thousand
Honda CG 125,Lahore,2023,Standard,between 1 to 20000,4 Stroke,3709,205000,From One Lac Eighty Thousand To  Two Lac Ten Thousand
Honda CG 125,Lahore,2021,Standard,between 1 to 20000,4 Stroke,11000,190000,From One Lac Eighty Thousand To  Two Lac Ten Thousand
Honda CG 125,Lahore,2021,Standard,between 1 to 20000,4 Stroke,9900,155000,From One Lac Fifty Thousand To  One Lac Eighty Thousand
Honda CG 125,Lahore,2009,Standard,between 1 to 20000,4 Stroke,15000,60000,From Thirty Thousand To Sixty Thousand
Honda CG 125,Lahore,2022,Standard,between 1 to 20000,4 Stroke,5500,190000,From One Lac Eighty Thousand To  Two Lac Ten Thousand
Honda CG 125,Rawalpindi,2015,Standard,between 40001 to 60000,4 Stroke,101010,84500,From Sixty Thousand To Ninty Thousand
Honda CG 125,Lahore,2016,Standard,between 40001 to 60000,4 Stroke,63000,120000,From Ninty Thousand To  One Lac Twenty Thousand
Honda CG 125,Lahore,2022,Standard,between 1 to 20000,4 Stroke,8000,182000,From One Lac Eighty Thousand To  Two Lac Ten Thousand
Honda CD 70,Lahore,1985,Standard,between 80000 to 1000000,4 Stroke,999999,60000,From Thirty Thousand To Sixty Thousand
Honda CD 70,Rawalpindi,2019,Standard,between 200001 to 40000,4 Stroke,35000,115000,From Ninty Thousand To  One Lac Twenty Thousand
Honda CD 70,Karachi,2023,Standard,between 1 to 20000,4 Stroke,20,160000,From One Lac Fifty Thousand To  One Lac Eighty Thousand
Honda CG 125,Rawalpindi,2022,Standard,between 1 to 20000,4 Stroke,6072,210000,From One Lac Eighty Thousand To  Two Lac Ten Thousand
Honda CG 125,Karachi,2021,Standard,between 1 to 20000,4 Stroke,18500,143000,From One Lac Twenty Thousand To  One Lac Fifty Thousand
Honda CG 125,Lahore,2022,Standard,between 1 to 20000,4 Stroke,8000,215000,From Two Lac Ten Thousand To  Two Lac Fourty Thousand
Honda CG 125,Lahore,2022,Standard,between 1 to 20000,4 Stroke,13510,185000,From One Lac Eighty Thousand To  Two Lac Ten Thousand
Honda CD 70,Rawalpindi,2021,Standard,between 1 to 20000,4 Stroke,10000,122000,From One Lac Twenty Thousand To  One Lac Fifty Thousand
Honda CG 125,Lahore,2022,Standard,between 1 to 20000,4 Stroke,10000,198000,From One Lac Eighty Thousand To  Two Lac Ten Thousand
Honda CG 125,Rawalpindi,2023,Standard,between 1 to 20000,4 Stroke,7000,195000,From One Lac Eighty Thousand To  Two Lac Ten Thousand
Honda CD 70,Karachi,1983,Standard,between 1 to 20000,4 Stroke,10000,110000,From Ninty Thousand To  One Lac Twenty Thousand
Honda CD 70,Lahore,2022,Standard,between 1 to 20000,4 Stroke,10,110000,From Ninty Thousand To  One Lac Twenty Thousand
Honda CD 70,Lahore,2009,Standard,between 40001 to 60000,4 Stroke,45000,49000,From Thirty Thousand To Sixty Thousand
Honda CG 125,Lahore,2019,Standard,between 40001 to 60000,4 Stroke,66000,140000,From One Lac Twenty Thousand To  One Lac Fifty Thousand
Honda CG 125,Lahore,2021,Standard,between 200001 to 40000,4 Stroke,28000,149000,From One Lac Twenty Thousand To  One Lac Fifty Thousand
Honda CG 125,Lahore,2017,Standard,between 200001 to 40000,4 Stroke,25000,115000,From Ninty Thousand To  One Lac Twenty Thousand
Honda CG 125,Lahore,2023,Standard,between 1 to 20000,4 Stroke,7500,195000,From One Lac Eighty Thousand To  Two Lac Ten Thousand
Honda CG 125,Karachi,2019,Standard,between 40001 to 60000,4 Stroke,99999,150000,From One Lac Twenty Thousand To  One Lac Fifty Thousand
Honda CD 70,Rawalpindi,2016,Standard,between 40001 to 60000,4 Stroke,100000,65000,From Sixty Thousand To Ninty Thousand
Honda CG 125,Rawalpindi,2007,Standard,between 1 to 20000,4 Stroke,10000,65000,From Sixty Thousand To Ninty Thousand
Honda CG 125,Karachi,1990,Standard,between 1 to 20000,4 Stroke,1000,220000,From Two Lac Ten Thousand To  Two Lac Fourty Thousand
Honda CG 125,Lahore,2023,Standard,between 1 to 20000,4 Stroke,1100,220000,From Two Lac Ten Thousand To  Two Lac Fourty Thousand
Honda CD 70,Lahore,2022,Standard,between 1 to 20000,4 Stroke,7847,140000,From One Lac Twenty Thousand To  One Lac Fifty Thousand
Honda CG 125,Rawalpindi,2023,Standard,between 1 to 20000,4 Stroke,500,230000,From Two Lac Ten Thousand To  Two Lac Fourty Thousand
Honda CD 70,Karachi,2020,Standard,between 200001 to 40000,4 Stroke,30550,130000,From One Lac Twenty Thousand To  One Lac Fifty Thousand
Honda CG 125,Karachi,2022,Standard,between 1 to 20000,4 Stroke,8900,180000,From One Lac Fifty Thousand To  One Lac Eighty Thousand
Honda CG 125,Karachi,2023,Standard,between 1 to 20000,4 Stroke,3500,215000,From Two Lac Ten Thousand To  Two Lac Fourty Thousand
Honda CD 70,Lahore,2016,Standard,between 200001 to 40000,4 Stroke,38000,85000,From Sixty Thousand To Ninty Thousand
Honda CG 125,Lahore,2018,Standard,between 1 to 20000,4 Stroke,19000,140000,From One Lac Twenty Thousand To  One Lac Fifty Thousand
Honda CG 125,Lahore,2023,Standard,between 1 to 20000,4 Stroke,35,380000,From Three Lac Fifty Thousand To  Three Lac Eighty Thousand
Honda CG 125,Karachi,2013,Standard,between 40001 to 60000,4 Stroke,121212,82000,From Sixty Thousand To Ninty Thousand
Honda CG 125,Lahore,2017,Standard,between 40001 to 60000,4 Stroke,90000,110000,From Ninty Thousand To  One Lac Twenty Thousand
Honda CG 125,Rawalpindi,2022,Standard,between 1 to 20000,4 Stroke,9000,168000,From One Lac Fifty Thousand To  One Lac Eighty Thousand
Honda CG 125,Karachi,2023,Standard,between 1 to 20000,4 Stroke,4000,220000,From Two Lac Ten Thousand To  Two Lac Fourty Thousand
Honda CG 125,Lahore,2017,Standard,between 1 to 20000,4 Stroke,12345,88000,From Sixty Thousand To Ninty Thousand
Honda CG 125,Lahore,2021,Standard,between 1 to 20000,4 Stroke,12000,170000,From One Lac Fifty Thousand To  One Lac Eighty Thousand
Honda CG 125,Lahore,2019,Standard,between 40001 to 60000,4 Stroke,68000,125000,From One Lac Twenty Thousand To  One Lac Fifty Thousand
Honda CG 125,Lahore,2022,Standard,between 1 to 20000,4 Stroke,7500,195000,From One Lac Eighty Thousand To  Two Lac Ten Thousand
Honda CG 125,Rawalpindi,2014,Standard,between 1 to 20000,4 Stroke,1234,95000,From Ninty Thousand To  One Lac Twenty Thousand
Honda CD 70,Rawalpindi,2023,Standard,between 1 to 20000,4 Stroke,14,155000,From One Lac Fifty Thousand To  One Lac Eighty Thousand
Honda CG 125,Rawalpindi,1990,Standard,between 40001 to 60000,4 Stroke,99999,145000,From One Lac Twenty Thousand To  One Lac Fifty Thousand
Honda CG 125,Lahore,2022,Standard,between 1 to 20000,4 Stroke,11000,180000,From One Lac Fifty Thousand To  One Lac Eighty Thousand
Honda CG 125,Rawalpindi,2019,Standard,between 1 to 20000,4 Stroke,9000,140000,From One Lac Twenty Thousand To  One Lac Fifty Thousand
Honda CG 125,Lahore,2023,Standard,between 1 to 20000,4 Stroke,3500,195000,From One Lac Eighty Thousand To  Two Lac Ten Thousand
Honda CG 125,Lahore,2022,Standard,between 1 to 20000,4 Stroke,13500,170000,From One Lac Fifty Thousand To  One Lac Eighty Thousand
Honda CD 70,Rawalpindi,2013,Standard,between 40001 to 60000,4 Stroke,100000,62000,From Sixty Thousand To Ninty Thousand
Honda CD 70,Karachi,2011,Standard,between 1 to 20000,4 Stroke,7000,30000,From Thirty Thousand To Sixty Thousand
Honda CD 70,Lahore,2022,Standard,between 1 to 20000,4 Stroke,7000,135000,From One Lac Twenty Thousand To  One Lac Fifty Thousand
Honda CD 70,Lahore,2023,Standard,between 1 to 20000,4 Stroke,3700,138000,From One Lac Twenty Thousand To  One Lac Fifty Thousand
Honda CD 70,Rawalpindi,2023,Standard,between 1 to 20000,4 Stroke,1210,162000,From One Lac Fifty Thousand To  One Lac Eighty Thousand
Honda CD 70,Lahore,2013,Standard,between 40001 to 60000,4 Stroke,100000,60000,From Thirty Thousand To Sixty Thousand
Honda CD 70,Rawalpindi,2020,Standard,between 1 to 20000,4 Stroke,12500,55000,From Thirty Thousand To Sixty Thousand
Honda CG 125,Lahore,2021,Standard,between 1 to 20000,4 Stroke,10900,168000,From One Lac Fifty Thousand To  One Lac Eighty Thousand
Honda CG 125,Rawalpindi,2015,Standard,between 40001 to 60000,4 Stroke,57000,120000,From Ninty Thousand To  One Lac Twenty Thousand
Honda CG 125,Lahore,2023,Standard,between 1 to 20000,4 Stroke,5500,195000,From One Lac Eighty Thousand To  Two Lac Ten Thousand
Honda CD 70,Karachi,2020,Standard,between 40001 to 60000,4 Stroke,50000,105000,From Ninty Thousand To  One Lac Twenty Thousand
Honda CG 125,Lahore,2023,Standard,between 1 to 20000,4 Stroke,6659,200000,From One Lac Eighty Thousand To  Two Lac Ten Thousand
Honda CG 125,Karachi,2015,Standard,between 40001 to 60000,4 Stroke,432927,48299,From Thirty Thousand To Sixty Thousand
Honda CD 70,Karachi,2021,Standard,between 1 to 20000,4 Stroke,18000,97000,From Ninty Thousand To  One Lac Twenty Thousand
Honda CD 70,Lahore,2022,Standard,between 1 to 20000,4 Stroke,18200,120000,From Ninty Thousand To  One Lac Twenty Thousand
Honda CG 125,Rawalpindi,2022,Standard,between 1 to 20000,4 Stroke,15000,250000,From Two Lac Fourty Thousand To  Two Lac Seventy Thousand
Honda CG 125,Rawalpindi,2022,Standard,between 1 to 20000,4 Stroke,7000,190000,From One Lac Eighty Thousand To  Two Lac Ten Thousand
Honda CG 125,Lahore,2020,Standard,between 1 to 20000,4 Stroke,900,215000,From Two Lac Ten Thousand To  Two Lac Fourty Thousand
Honda CD 70,Rawalpindi,2022,Standard,between 1 to 20000,4 Stroke,10000,124000,From One Lac Twenty Thousand To  One Lac Fifty Thousand
Honda CG 125,Karachi,2020,Standard,between 200001 to 40000,4 Stroke,25000,145000,From One Lac Twenty Thousand To  One Lac Fifty Thousand
Honda CG 125,Lahore,2023,Standard,between 1 to 20000,4 Stroke,7435,200000,From One Lac Eighty Thousand To  Two Lac Ten Thousand
Honda CG 125,Karachi,2017,Standard,between 1 to 20000,4 Stroke,20000,110000,From Ninty Thousand To  One Lac Twenty Thousand
Honda CG 125,Lahore,2022,Standard,between 40001 to 60000,4 Stroke,150000,190000,From One Lac Eighty Thousand To  Two Lac Ten Thousand
Honda CD 70,Rawalpindi,2013,Standard,between 40001 to 60000,4 Stroke,90000,75000,From Sixty Thousand To Ninty Thousand
Honda CG 125,Karachi,2022,Standard,between 1 to 20000,4 Stroke,2900,210000,From One Lac Eighty Thousand To  Two Lac Ten Thousand
Honda CG 125,Lahore,2013,Standard,between 1 to 20000,4 Stroke,12786,75000,From Sixty Thousand To Ninty Thousand
Honda CG 125,Lahore,2018,Standard,between 200001 to 40000,4 Stroke,30000,130000,From One Lac Twenty Thousand To  One Lac Fifty Thousand
Honda CD 70,Lahore,2021,Standard,between 1 to 20000,4 Stroke,6745,138000,From One Lac Twenty Thousand To  One Lac Fifty Thousand
Honda CG 125,Rawalpindi,1999,Standard,between 40001 to 60000,4 Stroke,99999,105000,From Ninty Thousand To  One Lac Twenty Thousand
Honda CG 125,Rawalpindi,2022,Standard,between 1 to 20000,4 Stroke,12000,205000,From One Lac Eighty Thousand To  Two Lac Ten Thousand
Honda CD 70,Karachi,2007,Standard,between 1 to 20000,4 Stroke,400,130000,From One Lac Twenty Thousand To  One Lac Fifty Thousand
Honda CG 125,Lahore,2022,Standard,between 1 to 20000,4 Stroke,12000,175000,From One Lac Fifty Thousand To  One Lac Eighty Thousand
Honda CG 125,Karachi,2023,Standard,between 1 to 20000,4 Stroke,4500,195000,From One Lac Eighty Thousand To  Two Lac Ten Thousand
Honda CD 70,Lahore,2018,Standard,between 40001 to 60000,4 Stroke,42652,85000,From Sixty Thousand To Ninty Thousand
Honda CG 125,Lahore,2012,Standard,between 200001 to 40000,4 Stroke,32500,115000,From Ninty Thousand To  One Lac Twenty Thousand
Honda CD 70,Rawalpindi,2020,Standard,between 1 to 20000,4 Stroke,17000,130000,From One Lac Twenty Thousand To  One Lac Fifty Thousand
Honda CG 125,Rawalpindi,2007,Standard,between 1 to 20000,4 Stroke,12345,87000,From Sixty Thousand To Ninty Thousand
Honda CD 70,Lahore,2023,Standard,between 1 to 20000,4 Stroke,5200,129000,From One Lac Twenty Thousand To  One Lac Fifty Thousand
Honda CD 70,Lahore,2021,Standard,between 200001 to 40000,4 Stroke,24600,110000,From Ninty Thousand To  One Lac Twenty Thousand
Honda CG 125,Lahore,2021,Standard,between 1 to 20000,4 Stroke,18000,190000,From One Lac Eighty Thousand To  Two Lac Ten Thousand
Honda CG 125,Karachi,2018,Standard,between 200001 to 40000,4 Stroke,22000,120000,From Ninty Thousand To  One Lac Twenty Thousand
Honda CD 70,Karachi,2023,Standard,between 1 to 20000,4 Stroke,5000,156000,From One Lac Fifty Thousand To  One Lac Eighty Thousand
Honda CG 125,Rawalpindi,2012,Standard,between 200001 to 40000,4 Stroke,40000,95000,From Ninty Thousand To  One Lac Twenty Thousand
Honda CD 70,Lahore,2016,Standard,between 1 to 20000,4 Stroke,10000,80000,From Sixty Thousand To Ninty Thousand
Honda CD 70,Lahore,2022,Standard,between 200001 to 40000,4 Stroke,25500,125000,From One Lac Twenty Thousand To  One Lac Fifty Thousand
Honda CG 125,Karachi,2018,Standard,between 1 to 20000,4 Stroke,15000,120000,From Ninty Thousand To  One Lac Twenty Thousand
Honda CD 70,Rawalpindi,2019,Standard,between 1 to 20000,4 Stroke,1175,115000,From Ninty Thousand To  One Lac Twenty Thousand
Honda CG 125,Rawalpindi,2020,Standard,between 200001 to 40000,4 Stroke,28000,167000,From One Lac Fifty Thousand To  One Lac Eighty Thousand
Honda CD 70,Rawalpindi,2019,Standard,between 200001 to 40000,4 Stroke,25000,90000,From Sixty Thousand To Ninty Thousand
Honda CG 125,Rawalpindi,2022,Standard,between 1 to 20000,4 Stroke,7080,220000,From Two Lac Ten Thousand To  Two Lac Fourty Thousand
Honda CD 70,Lahore,2017,Standard,between 40001 to 60000,4 Stroke,48000,75000,From Sixty Thousand To Ninty Thousand
Honda CG 125,Lahore,2023,Standard,between 1 to 20000,4 Stroke,834,285000,From Two Lac Seventy Thousand To  Three Lac 
Honda CG 125,Rawalpindi,2022,Standard,between 1 to 20000,4 Stroke,8500,187000,From One Lac Eighty Thousand To  Two Lac Ten Thousand
Honda CD 70,Lahore,2022,Standard,between 1 to 20000,4 Stroke,6500,115000,From Ninty Thousand To  One Lac Twenty Thousand
Honda CG 125,Rawalpindi,2022,Standard,between 1 to 20000,4 Stroke,4400,210000,From One Lac Eighty Thousand To  Two Lac Ten Thousand
Honda CG 125,Lahore,2022,Standard,between 1 to 20000,4 Stroke,12593,245000,From Two Lac Fourty Thousand To  Two Lac Seventy Thousand
Honda CG 125,Karachi,2022,Standard,between 1 to 20000,4 Stroke,3821,270000,From Two Lac Fourty Thousand To  Two Lac Seventy Thousand
Honda CG 125,Rawalpindi,2022,Standard,between 1 to 20000,4 Stroke,12000,188000,From One Lac Eighty Thousand To  Two Lac Ten Thousand
Honda CG 125,Rawalpindi,2023,Standard,between 1 to 20000,4 Stroke,3500,258000,From Two Lac Fourty Thousand To  Two Lac Seventy Thousand
Honda CG 125,Rawalpindi,2019,Standard,between 200001 to 40000,4 Stroke,30000,178000,From One Lac Fifty Thousand To  One Lac Eighty Thousand
Honda CD 70,Lahore,2022,Standard,between 1 to 20000,4 Stroke,13200,110000,From Ninty Thousand To  One Lac Twenty Thousand
Honda CG 125,Rawalpindi,2019,Standard,between 40001 to 60000,4 Stroke,45000,150000,From One Lac Twenty Thousand To  One Lac Fifty Thousand
Honda CG 125,Rawalpindi,2022,Standard,between 1 to 20000,4 Stroke,8100,172000,From One Lac Fifty Thousand To  One Lac Eighty Thousand
Honda CD 70,Rawalpindi,2014,Standard,between 200001 to 40000,4 Stroke,36000,74000,From Sixty Thousand To Ninty Thousand
Honda CG 125,Lahore,2020,Standard,between 1 to 20000,4 Stroke,5000,155000,From One Lac Fifty Thousand To  One Lac Eighty Thousand
Honda CD 70,Karachi,2020,Standard,between 1 to 20000,4 Stroke,800,95000,From Ninty Thousand To  One Lac Twenty Thousand
Honda CD 70,Lahore,2023,Standard,between 1 to 20000,4 Stroke,6900,135000,From One Lac Twenty Thousand To  One Lac Fifty Thousand
Honda CG 125,Lahore,2022,Standard,between 1 to 20000,4 Stroke,13000,185000,From One Lac Eighty Thousand To  Two Lac Ten Thousand
Honda CD 70,Rawalpindi,2023,Standard,between 1 to 20000,4 Stroke,7000,135000,From One Lac Twenty Thousand To  One Lac Fifty Thousand
Honda CG 125,Lahore,2022,Standard,between 1 to 20000,4 Stroke,10900,160000,From One Lac Fifty Thousand To  One Lac Eighty Thousand
Honda CD 70,Lahore,2021,Standard,between 1 to 20000,4 Stroke,14707,120000,From Ninty Thousand To  One Lac Twenty Thousand
Honda CG 125,Rawalpindi,2021,Standard,between 1 to 20000,4 Stroke,26,215000,From Two Lac Ten Thousand To  Two Lac Fourty Thousand
Honda CG 125,Rawalpindi,2022,Standard,between 1 to 20000,4 Stroke,5500,198000,From One Lac Eighty Thousand To  Two Lac Ten Thousand
Honda CG 125,Karachi,2022,Standard,between 1 to 20000,4 Stroke,5727,198000,From One Lac Eighty Thousand To  Two Lac Ten Thousand
Honda CG 125,Rawalpindi,2019,Standard,between 1 to 20000,4 Stroke,10000,165000,From One Lac Fifty Thousand To  One Lac Eighty Thousand
Honda CG 125,Karachi,2020,Standard,between 1 to 20000,4 Stroke,18400,180000,From One Lac Fifty Thousand To  One Lac Eighty Thousand
Honda CG 125,Rawalpindi,2017,Standard,between 1 to 20000,4 Stroke,12345,110000,From Ninty Thousand To  One Lac Twenty Thousand
Honda CD 70,Karachi,2023,Standard,between 1 to 20000,4 Stroke,2,118000,From Ninty Thousand To  One Lac Twenty Thousand
Honda CG 125,Lahore,2013,Standard,between 40001 to 60000,4 Stroke,45000,95000,From Ninty Thousand To  One Lac Twenty Thousand
Honda CG 125,Lahore,2015,Standard,between 1 to 20000,4 Stroke,1,105000,From Ninty Thousand To  One Lac Twenty Thousand
Honda CD 70,Lahore,2023,Standard,between 1 to 20000,4 Stroke,3000,145000,From One Lac Twenty Thousand To  One Lac Fifty Thousand
Honda CG 125,Lahore,2022,Standard,between 1 to 20000,4 Stroke,12000,170000,From One Lac Fifty Thousand To  One Lac Eighty Thousand
Honda CD 70,Rawalpindi,2022,Standard,between 1 to 20000,4 Stroke,14440,137000,From One Lac Twenty Thousand To  One Lac Fifty Thousand
Honda CD 70,Lahore,2022,Standard,between 1 to 20000,4 Stroke,8500,114000,From Ninty Thousand To  One Lac Twenty Thousand
Honda CD 70,Lahore,2020,Standard,between 1 to 20000,4 Stroke,14526,92000,From Ninty Thousand To  One Lac Twenty Thousand
Honda CG 125,Lahore,2020,Standard,between 200001 to 40000,4 Stroke,34000,160000,From One Lac Fifty Thousand To  One Lac Eighty Thousand
Honda CG 125,Rawalpindi,2021,Standard,between 200001 to 40000,4 Stroke,25630,192000,From One Lac Eighty Thousand To  Two Lac Ten Thousand
Honda CG 125,Lahore,2022,Standard,between 1 to 20000,4 Stroke,6500,203000,From One Lac Eighty Thousand To  Two Lac Ten Thousand
Honda CG 125,Karachi,2022,Standard,between 1 to 20000,4 Stroke,6000,140000,From One Lac Twenty Thousand To  One Lac Fifty Thousand
Honda CG 125,Rawalpindi,2022,Standard,between 1 to 20000,4 Stroke,2200,195000,From One Lac Eighty Thousand To  Two Lac Ten Thousand
Honda CG 125,Rawalpindi,2005,Standard,between 1 to 20000,4 Stroke,258,52000,From Thirty Thousand To Sixty Thousand
Honda CG 125,Lahore,2023,Standard,between 1 to 20000,4 Stroke,6000,210000,From One Lac Eighty Thousand To  Two Lac Ten Thousand
Honda CD 70,Lahore,2023,Standard,between 1 to 20000,4 Stroke,4000,145000,From One Lac Twenty Thousand To  One Lac Fifty Thousand
Honda CG 125,Rawalpindi,2023,Standard,between 1 to 20000,4 Stroke,3350,210000,From One Lac Eighty Thousand To  Two Lac Ten Thousand
Honda CG 125,Karachi,2022,Standard,between 1 to 20000,4 Stroke,7000,200000,From One Lac Eighty Thousand To  Two Lac Ten Thousand
Honda CG 125,Lahore,2022,Standard,between 1 to 20000,4 Stroke,7000,180000,From One Lac Fifty Thousand To  One Lac Eighty Thousand
Honda CG 125,Rawalpindi,2021,Standard,between 1 to 20000,4 Stroke,7500,179000,From One Lac Fifty Thousand To  One Lac Eighty Thousand
Honda CG 125,Rawalpindi,2023,Standard,between 1 to 20000,4 Stroke,3700,195000,From One Lac Eighty Thousand To  Two Lac Ten Thousand
Honda CG 125,Lahore,2021,Standard,between 200001 to 40000,4 Stroke,21000,180000,From One Lac Fifty Thousand To  One Lac Eighty Thousand
Honda CG 125,Lahore,2018,Standard,between 40001 to 60000,4 Stroke,60000,150000,From One Lac Twenty Thousand To  One Lac Fifty Thousand
Honda CG 125,Lahore,2021,Standard,between 1 to 20000,4 Stroke,5000,150000,From One Lac Twenty Thousand To  One Lac Fifty Thousand
Honda CG 125,Rawalpindi,2023,Standard,between 1 to 20000,4 Stroke,12345,200000,From One Lac Eighty Thousand To  Two Lac Ten Thousand
Honda CG 125,Lahore,2022,Standard,between 1 to 20000,4 Stroke,13000,190000,From One Lac Eighty Thousand To  Two Lac Ten Thousand
Honda CG 125,Lahore,2023,Standard,between 1 to 20000,4 Stroke,500,265000,From Two Lac Fourty Thousand To  Two Lac Seventy Thousand
Honda CG 125,Lahore,2021,Standard,between 1 to 20000,4 Stroke,9985,170000,From One Lac Fifty Thousand To  One Lac Eighty Thousand
Honda CG 125,Lahore,2019,Standard,between 200001 to 40000,4 Stroke,21000,145000,From One Lac Twenty Thousand To  One Lac Fifty Thousand
Honda CG 125,Rawalpindi,2007,Standard,between 200001 to 40000,4 Stroke,30000,185000,From One Lac Eighty Thousand To  Two Lac Ten Thousand
Honda CD 70,Rawalpindi,2020,Standard,between 1 to 20000,4 Stroke,8800,75500,From Sixty Thousand To Ninty Thousand
Honda CG 125,Lahore,2019,Standard,between 1 to 20000,4 Stroke,19000,125000,From One Lac Twenty Thousand To  One Lac Fifty Thousand
Honda CG 125,Karachi,1997,Standard,between 1 to 20000,4 Stroke,500,149000,From One Lac Twenty Thousand To  One Lac Fifty Thousand
Honda CD 70,Rawalpindi,2023,Standard,between 1 to 20000,4 Stroke,7000,137000,From One Lac Twenty Thousand To  One Lac Fifty Thousand
Honda CG 125,Lahore,2023,Standard,between 1 to 20000,4 Stroke,220,205000,From One Lac Eighty Thousand To  Two Lac Ten Thousand
Honda CD 70,Rawalpindi,2021,Standard,between 40001 to 60000,4 Stroke,123456,115000,From Ninty Thousand To  One Lac Twenty Thousand
Honda CG 125,Karachi,2018,Standard,between 1 to 20000,4 Stroke,10000,110000,From Ninty Thousand To  One Lac Twenty Thousand
Honda CG 125,Lahore,2017,Standard,between 1 to 20000,4 Stroke,18000,125000,From One Lac Twenty Thousand To  One Lac Fifty Thousand
Honda CG 125,Lahore,2021,Standard,between 200001 to 40000,4 Stroke,35000,170000,From One Lac Fifty Thousand To  One Lac Eighty Thousand
Honda CG 125,Karachi,1981,Standard,between 200001 to 40000,4 Stroke,25000,50000,From Thirty Thousand To Sixty Thousand
Honda CD 70,Rawalpindi,2019,Standard,between 40001 to 60000,4 Stroke,45000,110000,From Ninty Thousand To  One Lac Twenty Thousand
Honda CD 70,Lahore,2008,Standard,between 1 to 20000,4 Stroke,786,55000,From Thirty Thousand To Sixty Thousand
Honda CD 70,Lahore,2020,Standard,between 40001 to 60000,4 Stroke,49547,120000,From Ninty Thousand To  One Lac Twenty Thousand
Honda CG 125,Karachi,2021,Standard,between 200001 to 40000,4 Stroke,34000,230000,From Two Lac Ten Thousand To  Two Lac Fourty Thousand
Honda CD 70,Karachi,2023,Standard,between 1 to 20000,4 Stroke,12000,160000,From One Lac Fifty Thousand To  One Lac Eighty Thousand
Honda CG 125,Lahore,2005,Standard,between 1 to 20000,4 Stroke,12345,95000,From Ninty Thousand To  One Lac Twenty Thousand
Honda CG 125,Lahore,2021,Standard,between 1 to 20000,4 Stroke,17000,185000,From One Lac Eighty Thousand To  Two Lac Ten Thousand
Honda CG 125,Lahore,2016,Standard,between 1 to 20000,4 Stroke,20000,119000,From Ninty Thousand To  One Lac Twenty Thousand
Honda CG 125,Karachi,2020,Standard,between 1 to 20000,4 Stroke,25,175000,From One Lac Fifty Thousand To  One Lac Eighty Thousand
Honda CG 125,Rawalpindi,2023,Standard,between 1 to 20000,4 Stroke,2500,230000,From Two Lac Ten Thousand To  Two Lac Fourty Thousand
Honda CG 125,Rawalpindi,2014,Standard,between 40001 to 60000,4 Stroke,60000,120000,From Ninty Thousand To  One Lac Twenty Thousand
Honda CG 125,Lahore,2023,Standard,between 1 to 20000,4 Stroke,15877,205000,From One Lac Eighty Thousand To  Two Lac Ten Thousand
Honda CG 125,Rawalpindi,2021,Standard,between 1 to 20000,4 Stroke,12000,170000,From One Lac Fifty Thousand To  One Lac Eighty Thousand
Honda CG 125,Lahore,2022,Standard,between 1 to 20000,4 Stroke,1031,215000,From Two Lac Ten Thousand To  Two Lac Fourty Thousand
Honda CG 125,Lahore,2021,Standard,between 200001 to 40000,4 Stroke,22000,165000,From One Lac Fifty Thousand To  One Lac Eighty Thousand
Honda CG 125,Lahore,2020,Standard,between 1 to 20000,4 Stroke,3700,200000,From One Lac Eighty Thousand To  Two Lac Ten Thousand
Honda CG 125,Rawalpindi,2021,Standard,between 200001 to 40000,4 Stroke,20500,184000,From One Lac Eighty Thousand To  Two Lac Ten Thousand
Honda CG 125,Lahore,2015,Standard,between 1 to 20000,4 Stroke,1,160000,From One Lac Fifty Thousand To  One Lac Eighty Thousand
Honda CG 125,Rawalpindi,2022,Standard,between 1 to 20000,4 Stroke,6800,185000,From One Lac Eighty Thousand To  Two Lac Ten Thousand
Honda CG 125,Lahore,2005,Standard,between 1 to 20000,4 Stroke,500,200000,From One Lac Eighty Thousand To  Two Lac Ten Thousand
Honda CG 125,Lahore,2007,Standard,between 1 to 20000,4 Stroke,100,75000,From Sixty Thousand To Ninty Thousand
Honda CG 125,Lahore,2021,Standard,between 200001 to 40000,4 Stroke,32000,165000,From One Lac Fifty Thousand To  One Lac Eighty Thousand
Honda CD 70,Rawalpindi,2012,Standard,between 40001 to 60000,4 Stroke,77000,70000,From Sixty Thousand To Ninty Thousand
Honda CG 125,Rawalpindi,2019,Standard,between 1 to 20000,4 Stroke,9000,180000,From One Lac Fifty Thousand To  One Lac Eighty Thousand
Honda CG 125,Rawalpindi,2023,Standard,between 1 to 20000,4 Stroke,120,220000,From Two Lac Ten Thousand To  Two Lac Fourty Thousand
Honda CG 125,Lahore,2019,Standard,between 200001 to 40000,4 Stroke,25000,125000,From One Lac Twenty Thousand To  One Lac Fifty Thousand
Honda CG 125,Lahore,2023,Standard,between 1 to 20000,4 Stroke,4100,200000,From One Lac Eighty Thousand To  Two Lac Ten Thousand
Honda CD 70,Lahore,2020,Standard,between 200001 to 40000,4 Stroke,35000,95000,From Ninty Thousand To  One Lac Twenty Thousand
Honda CG 125,Rawalpindi,2017,Standard,between 200001 to 40000,4 Stroke,25000,135000,From One Lac Twenty Thousand To  One Lac Fifty Thousand
Honda CG 125,Lahore,2021,Standard,between 1 to 20000,4 Stroke,7470,175000,From One Lac Fifty Thousand To  One Lac Eighty Thousand
Honda CG 125,Karachi,2021,Standard,between 1 to 20000,4 Stroke,5000,155000,From One Lac Fifty Thousand To  One Lac Eighty Thousand
Honda CG 125,Rawalpindi,2013,Standard,between 200001 to 40000,4 Stroke,40000,120000,From Ninty Thousand To  One Lac Twenty Thousand
Honda CG 125,Lahore,2019,Standard,between 200001 to 40000,4 Stroke,30000,90000,From Sixty Thousand To Ninty Thousand
Honda CG 125,Rawalpindi,2022,Standard,between 1 to 20000,4 Stroke,20000,195000,From One Lac Eighty Thousand To  Two Lac Ten Thousand
Honda CG 125,Rawalpindi,2012,Standard,between 200001 to 40000,4 Stroke,25000,190000,From One Lac Eighty Thousand To  Two Lac Ten Thousand
Honda CG 125,Rawalpindi,2021,Standard,between 1 to 20000,4 Stroke,5500,185000,From One Lac Eighty Thousand To  Two Lac Ten Thousand
Honda CG 125,Rawalpindi,2020,Standard,between 1 to 20000,4 Stroke,12000,170000,From One Lac Fifty Thousand To  One Lac Eighty Thousand
Honda CG 125,Lahore,2017,Standard,between 1 to 20000,4 Stroke,10700,150000,From One Lac Twenty Thousand To  One Lac Fifty Thousand
Honda CG 125,Rawalpindi,2015,Standard,between 40001 to 60000,4 Stroke,100000,88000,From Sixty Thousand To Ninty Thousand
Honda CG 125,Karachi,2021,Standard,between 200001 to 40000,4 Stroke,22000,175000,From One Lac Fifty Thousand To  One Lac Eighty Thousand
Honda CD 70,Rawalpindi,2021,Standard,between 1 to 20000,4 Stroke,8000,75000,From Sixty Thousand To Ninty Thousand
Honda CD 70,Lahore,2022,Standard,between 1 to 20000,4 Stroke,6500,135000,From One Lac Twenty Thousand To  One Lac Fifty Thousand
Honda CG 125,Lahore,2021,Standard,between 200001 to 40000,4 Stroke,32000,178000,From One Lac Fifty Thousand To  One Lac Eighty Thousand
Honda CG 125,Lahore,2023,Standard,between 1 to 20000,4 Stroke,3000,205000,From One Lac Eighty Thousand To  Two Lac Ten Thousand
Honda CG 125,Lahore,2016,Standard,between 40001 to 60000,4 Stroke,83000,125000,From One Lac Twenty Thousand To  One Lac Fifty Thousand
Honda CG 125,Rawalpindi,2011,Standard,between 40001 to 60000,4 Stroke,45000,52000,From Thirty Thousand To Sixty Thousand
Honda CG 125,Karachi,2022,Standard,between 1 to 20000,4 Stroke,123,165000,From One Lac Fifty Thousand To  One Lac Eighty Thousand
Honda CG 125,Lahore,2020,Standard,between 1 to 20000,4 Stroke,16750,170000,From One Lac Fifty Thousand To  One Lac Eighty Thousand
Honda CG 125,Karachi,2019,Standard,between 1 to 20000,4 Stroke,9000,165000,From One Lac Fifty Thousand To  One Lac Eighty Thousand
Honda CD 70,Karachi,2023,Standard,between 1 to 20000,4 Stroke,4000,90000,From Sixty Thousand To Ninty Thousand
Honda CD 70,Karachi,1978,Standard,between 1 to 20000,4 Stroke,1111,75000,From Sixty Thousand To Ninty Thousand
Honda CG 125,Karachi,2020,Standard,between 1 to 20000,4 Stroke,17000,160000,From One Lac Fifty Thousand To  One Lac Eighty Thousand
Honda CG 125,Rawalpindi,2019,Standard,between 200001 to 40000,4 Stroke,25000,145000,From One Lac Twenty Thousand To  One Lac Fifty Thousand
Honda CD 70,Lahore,2020,Standard,between 200001 to 40000,4 Stroke,28000,99999,From Ninty Thousand To  One Lac Twenty Thousand
Honda CG 125,Lahore,2023,Standard,between 1 to 20000,4 Stroke,7500,210000,From One Lac Eighty Thousand To  Two Lac Ten Thousand
Honda CG 125,Lahore,2016,Standard,between 40001 to 60000,4 Stroke,47958,190000,From One Lac Eighty Thousand To  Two Lac Ten Thousand
Honda CG 125,Lahore,2014,Standard,between 200001 to 40000,4 Stroke,25000,95000,From Ninty Thousand To  One Lac Twenty Thousand
Honda CG 125,Rawalpindi,2019,Standard,between 1 to 20000,4 Stroke,18000,180000,From One Lac Fifty Thousand To  One Lac Eighty Thousand
Honda CG 125,Rawalpindi,2020,Standard,between 1 to 20000,4 Stroke,11000,160000,From One Lac Fifty Thousand To  One Lac Eighty Thousand
Honda CG 125,Lahore,2022,Standard,between 1 to 20000,4 Stroke,1500,190000,From One Lac Eighty Thousand To  Two Lac Ten Thousand
Honda CG 125,Lahore,2010,Standard,between 40001 to 60000,4 Stroke,100000,90000,From Sixty Thousand To Ninty Thousand
Honda CG 125,Karachi,2023,Standard,between 1 to 20000,4 Stroke,3500,173000,From One Lac Fifty Thousand To  One Lac Eighty Thousand
Honda CD 70,Lahore,2020,Standard,between 1 to 20000,4 Stroke,15415,100000,From Ninty Thousand To  One Lac Twenty Thousand
Honda CG 125,Karachi,2020,Standard,between 200001 to 40000,4 Stroke,35000,150000,From One Lac Twenty Thousand To  One Lac Fifty Thousand
Honda CG 125,Lahore,2019,Standard,between 40001 to 60000,4 Stroke,55000,155000,From One Lac Fifty Thousand To  One Lac Eighty Thousand
Honda CG 125,Lahore,2007,Standard,between 40001 to 60000,4 Stroke,50000,140000,From One Lac Twenty Thousand To  One Lac Fifty Thousand
Honda CG 125,Rawalpindi,2005,Standard,between 40001 to 60000,4 Stroke,52680,45000,From Thirty Thousand To Sixty Thousand
Honda CD 70,Lahore,2016,Standard,between 1 to 20000,4 Stroke,48,72000,From Sixty Thousand To Ninty Thousand
Honda CD 70,Lahore,2023,Standard,between 1 to 20000,4 Stroke,3000,138000,From One Lac Twenty Thousand To  One Lac Fifty Thousand
Honda CG 125,Karachi,2023,Standard,between 1 to 20000,4 Stroke,3800,210000,From One Lac Eighty Thousand To  Two Lac Ten Thousand
Honda CG 125,Karachi,2013,Standard,between 1 to 20000,4 Stroke,3000,120000,From Ninty Thousand To  One Lac Twenty Thousand
Honda CG 125,Lahore,2019,Standard,between 200001 to 40000,4 Stroke,27000,155000,From One Lac Fifty Thousand To  One Lac Eighty Thousand
Honda CG 125,Lahore,2023,Standard,between 1 to 20000,4 Stroke,31,210000,From One Lac Eighty Thousand To  Two Lac Ten Thousand
Honda CG 125,Karachi,2023,Standard,between 1 to 20000,4 Stroke,800,225000,From Two Lac Ten Thousand To  Two Lac Fourty Thousand
Honda CG 125,Lahore,2017,Standard,between 1 to 20000,4 Stroke,18000,97500,From Ninty Thousand To  One Lac Twenty Thousand
Honda CG 125,Karachi,2013,Standard,between 1 to 20000,4 Stroke,1,105000,From Ninty Thousand To  One Lac Twenty Thousand
Honda CD 70,Lahore,2016,Standard,between 200001 to 40000,4 Stroke,40000,80000,From Sixty Thousand To Ninty Thousand
Honda CD 70,Karachi,2020,Standard,between 1 to 20000,4 Stroke,11604,90000,From Sixty Thousand To Ninty Thousand
Honda CD 70,Lahore,2021,Standard,between 200001 to 40000,4 Stroke,29000,120000,From Ninty Thousand To  One Lac Twenty Thousand
Honda CG 125,Rawalpindi,2021,Standard,between 1 to 20000,4 Stroke,7500,183000,From One Lac Eighty Thousand To  Two Lac Ten Thousand
Honda CG 125,Lahore,2021,Standard,between 1 to 20000,4 Stroke,18561,180000,From One Lac Fifty Thousand To  One Lac Eighty Thousand
Honda CD 70,Karachi,2021,Standard,between 200001 to 40000,4 Stroke,40000,81000,From Sixty Thousand To Ninty Thousand
Honda CG 125,Lahore,2023,Standard,between 1 to 20000,4 Stroke,3100,210000,From One Lac Eighty Thousand To  Two Lac Ten Thousand
Honda CG 125,Rawalpindi,2019,Standard,between 40001 to 60000,4 Stroke,150000,132000,From One Lac Twenty Thousand To  One Lac Fifty Thousand
Honda CG 125,Karachi,2019,Standard,between 200001 to 40000,4 Stroke,20550,150000,From One Lac Twenty Thousand To  One Lac Fifty Thousand
Honda CD 70,Rawalpindi,2016,Standard,between 200001 to 40000,4 Stroke,35000,93000,From Ninty Thousand To  One Lac Twenty Thousand
Honda CG 125,Lahore,2017,Standard,between 200001 to 40000,4 Stroke,37000,125000,From One Lac Twenty Thousand To  One Lac Fifty Thousand
Honda CD 70,Lahore,2017,Standard,between 1 to 20000,4 Stroke,6200,87000,From Sixty Thousand To Ninty Thousand
Honda CG 125,Rawalpindi,2022,Standard,between 1 to 20000,4 Stroke,8000,175000,From One Lac Fifty Thousand To  One Lac Eighty Thousand
Honda CD 70,Lahore,2021,Standard,between 1 to 20000,4 Stroke,8000,105000,From Ninty Thousand To  One Lac Twenty Thousand
Honda CD 70,Lahore,2022,Standard,between 1 to 20000,4 Stroke,5980,138000,From One Lac Twenty Thousand To  One Lac Fifty Thousand
Honda CG 125,Lahore,2022,Standard,between 1 to 20000,4 Stroke,9300,183000,From One Lac Eighty Thousand To  Two Lac Ten Thousand
Honda CG 125,Rawalpindi,2021,Standard,between 1 to 20000,4 Stroke,5900,165000,From One Lac Fifty Thousand To  One Lac Eighty Thousand
Honda CD 70,Lahore,2023,Standard,between 1 to 20000,4 Stroke,7000,130000,From One Lac Twenty Thousand To  One Lac Fifty Thousand
Honda CD 70,Lahore,2023,Standard,between 1 to 20000,4 Stroke,8000,145000,From One Lac Twenty Thousand To  One Lac Fifty Thousand
Honda CG 125,Rawalpindi,2015,Standard,between 40001 to 60000,4 Stroke,92000,130000,From One Lac Twenty Thousand To  One Lac Fifty Thousand
Honda CD 70,Rawalpindi,2015,Standard,between 1 to 20000,4 Stroke,13208,90000,From Sixty Thousand To Ninty Thousand
Honda CD 70,Karachi,2019,Standard,between 200001 to 40000,4 Stroke,40000,85000,From Sixty Thousand To Ninty Thousand
Honda CD 70,Lahore,2018,Standard,between 40001 to 60000,4 Stroke,65000,78000,From Sixty Thousand To Ninty Thousand
Honda CG 125,Karachi,2022,Standard,between 1 to 20000,4 Stroke,6500,250000,From Two Lac Fourty Thousand To  Two Lac Seventy Thousand
Honda CG 125,Lahore,2023,Standard,between 1 to 20000,4 Stroke,7000,202000,From One Lac Eighty Thousand To  Two Lac Ten Thousand
Honda CD 70,Karachi,2021,Standard,between 1 to 20000,4 Stroke,20000,115000,From Ninty Thousand To  One Lac Twenty Thousand
Honda CG 125,Lahore,2021,Standard,between 1 to 20000,4 Stroke,16000,140000,From One Lac Twenty Thousand To  One Lac Fifty Thousand
Honda CG 125,Lahore,2021,Standard,between 1 to 20000,4 Stroke,18400,158000,From One Lac Fifty Thousand To  One Lac Eighty Thousand
Honda CG 125,Karachi,2019,Standard,between 1 to 20000,4 Stroke,9000,190000,From One Lac Eighty Thousand To  Two Lac Ten Thousand
Honda CG 125,Rawalpindi,2014,Standard,between 40001 to 60000,4 Stroke,65000,160000,From One Lac Fifty Thousand To  One Lac Eighty Thousand
Honda CG 125,Rawalpindi,2014,Standard,between 200001 to 40000,4 Stroke,30000,114000,From Ninty Thousand To  One Lac Twenty Thousand
Honda CG 125,Lahore,2013,Standard,between 40001 to 60000,4 Stroke,95000,78000,From Sixty Thousand To Ninty Thousand
Honda CG 125,Lahore,2023,Standard,between 1 to 20000,4 Stroke,4825,192000,From One Lac Eighty Thousand To  Two Lac Ten Thousand
Honda CG 125,Karachi,2022,Standard,between 1 to 20000,4 Stroke,2800,180000,From One Lac Fifty Thousand To  One Lac Eighty Thousand
Honda CD 70,Lahore,2022,Standard,between 1 to 20000,4 Stroke,4000,115000,From Ninty Thousand To  One Lac Twenty Thousand
Honda CG 125,Lahore,2010,Standard,between 1 to 20000,4 Stroke,100,70000,From Sixty Thousand To Ninty Thousand
Honda CG 125,Lahore,2021,Standard,between 1 to 20000,4 Stroke,6700,150000,From One Lac Twenty Thousand To  One Lac Fifty Thousand
Honda CG 125,Lahore,2023,Standard,between 1 to 20000,4 Stroke,470,220000,From Two Lac Ten Thousand To  Two Lac Fourty Thousand
Honda CD 70,Lahore,2019,Standard,between 200001 to 40000,4 Stroke,33345,93000,From Ninty Thousand To  One Lac Twenty Thousand
Honda CD 70,Karachi,2014,Standard,between 40001 to 60000,4 Stroke,123321,59500,From Thirty Thousand To Sixty Thousand
Honda CG 125,Rawalpindi,2003,Standard,between 1 to 20000,4 Stroke,4385,45000,From Thirty Thousand To Sixty Thousand
Honda CG 125,Karachi,2023,Standard,between 1 to 20000,4 Stroke,7000,289000,From Two Lac Seventy Thousand To  Three Lac 
Honda CD 70,Karachi,1979,Standard,between 1 to 20000,4 Stroke,74,115000,From Ninty Thousand To  One Lac Twenty Thousand
Honda CG 125,Lahore,2022,Standard,between 1 to 20000,4 Stroke,6800,200000,From One Lac Eighty Thousand To  Two Lac Ten Thousand
Honda CD 70,Lahore,2020,Standard,between 200001 to 40000,4 Stroke,29000,108000,From Ninty Thousand To  One Lac Twenty Thousand
Honda CD 70,Karachi,2020,Standard,between 1 to 20000,4 Stroke,5000,110000,From Ninty Thousand To  One Lac Twenty Thousand
Honda CG 125,Karachi,2021,Standard,between 1 to 20000,4 Stroke,9457,105000,From Ninty Thousand To  One Lac Twenty Thousand
Honda CG 125,Karachi,2023,Standard,between 1 to 20000,4 Stroke,2500,225000,From Two Lac Ten Thousand To  Two Lac Fourty Thousand
Honda CG 125,Lahore,2014,Standard,between 200001 to 40000,4 Stroke,28600,80000,From Sixty Thousand To Ninty Thousand
Honda CG 125,Rawalpindi,2023,Standard,between 1 to 20000,4 Stroke,8800,200000,From One Lac Eighty Thousand To  Two Lac Ten Thousand
Honda CG 125,Lahore,2021,Standard,between 200001 to 40000,4 Stroke,31391,205000,From One Lac Eighty Thousand To  Two Lac Ten Thousand
Honda CG 125,Rawalpindi,2015,Standard,between 1 to 20000,4 Stroke,14500,170000,From One Lac Fifty Thousand To  One Lac Eighty Thousand
Honda CG 125,Lahore,2023,Standard,between 1 to 20000,4 Stroke,8600,200000,From One Lac Eighty Thousand To  Two Lac Ten Thousand
Honda CG 125,Rawalpindi,2021,Standard,between 1 to 20000,4 Stroke,6000,295000,From Two Lac Seventy Thousand To  Three Lac 
Honda CD 70,Lahore,2016,Standard,between 200001 to 40000,4 Stroke,36000,85000,From Sixty Thousand To Ninty Thousand
Honda CG 125,Karachi,2022,Standard,between 1 to 20000,4 Stroke,10000,235000,From Two Lac Ten Thousand To  Two Lac Fourty Thousand
Honda CG 125,Lahore,2019,Standard,between 1 to 20000,4 Stroke,17000,147000,From One Lac Twenty Thousand To  One Lac Fifty Thousand
Honda CD 70,Karachi,2005,Standard,between 1 to 20000,4 Stroke,10000,32500,From Thirty Thousand To Sixty Thousand
Honda CG 125,Lahore,2015,Standard,between 1 to 20000,4 Stroke,19500,105000,From Ninty Thousand To  One Lac Twenty Thousand
Honda CG 125,Lahore,2021,Standard,between 1 to 20000,4 Stroke,19168,155000,From One Lac Fifty Thousand To  One Lac Eighty Thousand
Honda CD 70,Karachi,2022,Standard,between 1 to 20000,4 Stroke,19965,140000,From One Lac Twenty Thousand To  One Lac Fifty Thousand
Honda CG 125,Lahore,2017,Standard,between 40001 to 60000,4 Stroke,51000,115000,From Ninty Thousand To  One Lac Twenty Thousand
Honda CG 125,Rawalpindi,2021,Standard,between 1 to 20000,4 Stroke,11000,172000,From One Lac Fifty Thousand To  One Lac Eighty Thousand
Honda CG 125,Rawalpindi,2016,Standard,between 200001 to 40000,4 Stroke,40000,125000,From One Lac Twenty Thousand To  One Lac Fifty Thousand
Honda CG 125,Rawalpindi,2005,Standard,between 1 to 20000,4 Stroke,7245,45000,From Thirty Thousand To Sixty Thousand
Honda CD 70,Lahore,2018,Standard,between 1 to 20000,4 Stroke,13000,80000,From Sixty Thousand To Ninty Thousand
Honda CD 70,Karachi,2010,Standard,between 40001 to 60000,4 Stroke,123456,60000,From Thirty Thousand To Sixty Thousand
Honda CG 125,Lahore,2020,Standard,between 1 to 20000,4 Stroke,13600,145000,From One Lac Twenty Thousand To  One Lac Fifty Thousand
Honda CD 70,Lahore,2013,Standard,between 1 to 20000,4 Stroke,7956,95000,From Ninty Thousand To  One Lac Twenty Thousand
Honda CD 70,Lahore,2010,Standard,between 40001 to 60000,4 Stroke,63700,68000,From Sixty Thousand To Ninty Thousand
Honda CD 70,Karachi,1990,Standard,between 1 to 20000,4 Stroke,10000,60000,From Thirty Thousand To Sixty Thousand
Honda CG 125,Karachi,2021,Standard,between 1 to 20000,4 Stroke,17000,170000,From One Lac Fifty Thousand To  One Lac Eighty Thousand
Honda CD 70,Karachi,2021,Standard,between 1 to 20000,4 Stroke,16000,117000,From Ninty Thousand To  One Lac Twenty Thousand
Honda CD 70,Karachi,1982,Standard,between 40001 to 60000,4 Stroke,200000,250000,From Two Lac Fourty Thousand To  Two Lac Seventy Thousand
Honda CG 125,Lahore,2017,Standard,between 1 to 20000,4 Stroke,1,87000,From Sixty Thousand To Ninty Thousand
Honda CG 125,Lahore,2023,Standard,between 1 to 20000,4 Stroke,224,210000,From One Lac Eighty Thousand To  Two Lac Ten Thousand
Honda CG 125,Rawalpindi,2022,Standard,between 1 to 20000,4 Stroke,9000,177000,From One Lac Fifty Thousand To  One Lac Eighty Thousand
Honda CG 125,Lahore,2017,Standard,between 40001 to 60000,4 Stroke,150000,130000,From One Lac Twenty Thousand To  One Lac Fifty Thousand
Honda CD 70,Lahore,2018,Standard,between 1 to 20000,4 Stroke,25,95000,From Ninty Thousand To  One Lac Twenty Thousand
Honda CD 70,Lahore,1986,Standard,between 40001 to 60000,4 Stroke,100000,32000,From Thirty Thousand To Sixty Thousand
Honda CG 125,Rawalpindi,2021,Standard,between 1 to 20000,4 Stroke,10000,170000,From One Lac Fifty Thousand To  One Lac Eighty Thousand
Honda CG 125,Lahore,2022,Standard,between 1 to 20000,4 Stroke,5799,195000,From One Lac Eighty Thousand To  Two Lac Ten Thousand
Honda CD 70,Lahore,2012,Standard,between 40001 to 60000,4 Stroke,50000,65000,From Sixty Thousand To Ninty Thousand
Honda CG 125,Lahore,2022,Standard,between 200001 to 40000,4 Stroke,22000,165000,From One Lac Fifty Thousand To  One Lac Eighty Thousand
Honda CG 125,Rawalpindi,2022,Standard,between 1 to 20000,4 Stroke,15000,171000,From One Lac Fifty Thousand To  One Lac Eighty Thousand
Honda CD 70,Karachi,2010,Standard,between 40001 to 60000,4 Stroke,50000,65000,From Sixty Thousand To Ninty Thousand
Honda CG 125,Karachi,2021,Standard,between 1 to 20000,4 Stroke,13000,160000,From One Lac Fifty Thousand To  One Lac Eighty Thousand
Honda CD 70,Lahore,2016,Standard,between 1 to 20000,4 Stroke,14219,95000,From Ninty Thousand To  One Lac Twenty Thousand
Honda CD 70,Lahore,2022,Standard,between 1 to 20000,4 Stroke,19000,140000,From One Lac Twenty Thousand To  One Lac Fifty Thousand
Honda CG 125,Karachi,2020,Standard,between 1 to 20000,4 Stroke,10000,155000,From One Lac Fifty Thousand To  One Lac Eighty Thousand
Honda CG 125,Lahore,2016,Standard,between 200001 to 40000,4 Stroke,36000,120000,From Ninty Thousand To  One Lac Twenty Thousand
Honda CG 125,Karachi,2008,Standard,between 1 to 20000,4 Stroke,100,95000,From Ninty Thousand To  One Lac Twenty Thousand
Honda CD 70,Lahore,2021,Standard,between 1 to 20000,4 Stroke,13500,107000,From Ninty Thousand To  One Lac Twenty Thousand
Honda CG 125,Karachi,2002,Standard,between 1 to 20000,4 Stroke,4689,45000,From Thirty Thousand To Sixty Thousand
Honda CG 125,Rawalpindi,2003,Standard,between 1 to 20000,4 Stroke,4388,37500,From Thirty Thousand To Sixty Thousand
Honda CD 70,Karachi,2018,Standard,between 1 to 20000,4 Stroke,17000,85000,From Sixty Thousand To Ninty Thousand
Honda CG 125,Karachi,2019,Standard,between 1 to 20000,4 Stroke,15000,175000,From One Lac Fifty Thousand To  One Lac Eighty Thousand
Honda CD 70,Lahore,2022,Standard,between 1 to 20000,4 Stroke,1234,120000,From Ninty Thousand To  One Lac Twenty Thousand
Honda CG 125,Karachi,2023,Standard,between 1 to 20000,4 Stroke,7000,215000,From Two Lac Ten Thousand To  Two Lac Fourty Thousand
Honda CG 125,Rawalpindi,2020,Standard,between 1 to 20000,4 Stroke,13500,165000,From One Lac Fifty Thousand To  One Lac Eighty Thousand
Honda CG 125,Lahore,2023,Standard,between 1 to 20000,4 Stroke,500,230000,From Two Lac Ten Thousand To  Two Lac Fourty Thousand
Honda CD 70,Lahore,2023,Standard,between 1 to 20000,4 Stroke,7000,135000,From One Lac Twenty Thousand To  One Lac Fifty Thousand
Honda CG 125,Lahore,2022,Standard,between 1 to 20000,4 Stroke,18000,185000,From One Lac Eighty Thousand To  Two Lac Ten Thousand
Honda CG 125,Lahore,2018,Standard,between 40001 to 60000,4 Stroke,50000,115000,From Ninty Thousand To  One Lac Twenty Thousand
Honda CG 125,Lahore,2022,Standard,between 1 to 20000,4 Stroke,12000,165000,From One Lac Fifty Thousand To  One Lac Eighty Thousand
Honda CG 125,Lahore,2021,Standard,between 200001 to 40000,4 Stroke,32000,160000,From One Lac Fifty Thousand To  One Lac Eighty Thousand
Honda CD 70,Lahore,2021,Standard,between 1 to 20000,4 Stroke,17000,110000,From Ninty Thousand To  One Lac Twenty Thousand
Honda CD 70,Lahore,2022,Standard,between 1 to 20000,4 Stroke,11000,120000,From Ninty Thousand To  One Lac Twenty Thousand
Honda CG 125,Rawalpindi,2022,Standard,between 1 to 20000,4 Stroke,3000,215000,From Two Lac Ten Thousand To  Two Lac Fourty Thousand
Honda CG 125,Karachi,2013,Standard,between 1 to 20000,4 Stroke,18868,90000,From Sixty Thousand To Ninty Thousand
Honda CG 125,Lahore,2018,Standard,between 200001 to 40000,4 Stroke,25000,110000,From Ninty Thousand To  One Lac Twenty Thousand
Honda CG 125,Lahore,2022,Standard,between 1 to 20000,4 Stroke,8000,205000,From One Lac Eighty Thousand To  Two Lac Ten Thousand
Honda CD 70,Rawalpindi,2022,Standard,between 1 to 20000,4 Stroke,5000,138000,From One Lac Twenty Thousand To  One Lac Fifty Thousand
Honda CG 125,Lahore,2022,Standard,between 1 to 20000,4 Stroke,13000,165000,From One Lac Fifty Thousand To  One Lac Eighty Thousand
Honda CD 70,Lahore,2021,Standard,between 1 to 20000,4 Stroke,15000,115000,From Ninty Thousand To  One Lac Twenty Thousand
Honda CD 70,Karachi,2020,Standard,between 1 to 20000,4 Stroke,10000,120000,From Ninty Thousand To  One Lac Twenty Thousand
Honda CG 125,Lahore,2008,Standard,between 1 to 20000,4 Stroke,12345,110000,From Ninty Thousand To  One Lac Twenty Thousand
Honda CG 125,Karachi,2021,Standard,between 1 to 20000,4 Stroke,12000,145000,From One Lac Twenty Thousand To  One Lac Fifty Thousand
Honda CG 125,Lahore,2016,Standard,between 40001 to 60000,4 Stroke,48000,98500,From Ninty Thousand To  One Lac Twenty Thousand
Honda CG 125,Lahore,2023,Standard,between 1 to 20000,4 Stroke,9800,197000,From One Lac Eighty Thousand To  Two Lac Ten Thousand
Honda CG 125,Karachi,2022,Standard,between 1 to 20000,4 Stroke,3000,189000,From One Lac Eighty Thousand To  Two Lac Ten Thousand
Honda CD 70,Lahore,2022,Standard,between 1 to 20000,4 Stroke,20000,115000,From Ninty Thousand To  One Lac Twenty Thousand
Honda CG 125,Lahore,2010,Standard,between 200001 to 40000,4 Stroke,30000,125000,From One Lac Twenty Thousand To  One Lac Fifty Thousand
Honda CG 125,Rawalpindi,2022,Standard,between 1 to 20000,4 Stroke,8000,140000,From One Lac Twenty Thousand To  One Lac Fifty Thousand
Honda CD 70,Lahore,2023,Standard,between 1 to 20000,4 Stroke,7800,145000,From One Lac Twenty Thousand To  One Lac Fifty Thousand
Honda CD 70,Rawalpindi,2019,Standard,between 1 to 20000,4 Stroke,16000,120000,From Ninty Thousand To  One Lac Twenty Thousand
Honda CG 125,Lahore,2022,Standard,between 1 to 20000,4 Stroke,10458,175000,From One Lac Fifty Thousand To  One Lac Eighty Thousand
Honda CG 125,Lahore,2021,Standard,between 1 to 20000,4 Stroke,19000,163000,From One Lac Fifty Thousand To  One Lac Eighty Thousand
Honda CG 125,Rawalpindi,2022,Standard,between 1 to 20000,4 Stroke,11000,199000,From One Lac Eighty Thousand To  Two Lac Ten Thousand
Honda CD 70,Karachi,2021,Standard,between 1 to 20000,4 Stroke,15359,120000,From Ninty Thousand To  One Lac Twenty Thousand
Honda CG 125,Lahore,2021,Standard,between 1 to 20000,4 Stroke,8850,235000,From Two Lac Ten Thousand To  Two Lac Fourty Thousand
Honda CD 70,Lahore,2022,Standard,between 1 to 20000,4 Stroke,6543,155000,From One Lac Fifty Thousand To  One Lac Eighty Thousand
Honda CD 70,Rawalpindi,2023,Standard,between 1 to 20000,4 Stroke,1000,95000,From Ninty Thousand To  One Lac Twenty Thousand
Honda CG 125,Rawalpindi,2021,Standard,between 1 to 20000,4 Stroke,20000,170000,From One Lac Fifty Thousand To  One Lac Eighty Thousand
Honda CD 70,Lahore,2011,Standard,between 40001 to 60000,4 Stroke,79000,60000,From Thirty Thousand To Sixty Thousand
Honda CG 125,Rawalpindi,2023,Standard,between 1 to 20000,4 Stroke,950,230000,From Two Lac Ten Thousand To  Two Lac Fourty Thousand
Honda CG 125,Karachi,2021,Standard,between 1 to 20000,4 Stroke,15000,140000,From One Lac Twenty Thousand To  One Lac Fifty Thousand
Honda CG 125,Lahore,2023,Standard,between 1 to 20000,4 Stroke,9500,197000,From One Lac Eighty Thousand To  Two Lac Ten Thousand
Honda CG 125,Rawalpindi,2002,Standard,between 40001 to 60000,4 Stroke,76000,110000,From Ninty Thousand To  One Lac Twenty Thousand
Honda CD 70,Rawalpindi,2019,Standard,between 40001 to 60000,4 Stroke,46712,107000,From Ninty Thousand To  One Lac Twenty Thousand
Honda CG 125,Rawalpindi,2015,Standard,between 1 to 20000,4 Stroke,1,105000,From Ninty Thousand To  One Lac Twenty Thousand
Honda CG 125,Rawalpindi,2021,Standard,between 1 to 20000,4 Stroke,13000,172000,From One Lac Fifty Thousand To  One Lac Eighty Thousand
Honda CD 70,Karachi,2022,Standard,between 1 to 20000,4 Stroke,15000,110000,From Ninty Thousand To  One Lac Twenty Thousand
Honda CG 125,Lahore,2022,Standard,between 1 to 20000,4 Stroke,7300,190000,From One Lac Eighty Thousand To  Two Lac Ten Thousand
Honda CG 125,Lahore,2021,Standard,between 200001 to 40000,4 Stroke,31000,175000,From One Lac Fifty Thousand To  One Lac Eighty Thousand
Honda CG 125,Karachi,2022,Standard,between 1 to 20000,4 Stroke,15500,185000,From One Lac Eighty Thousand To  Two Lac Ten Thousand
Honda CG 125,Rawalpindi,2012,Standard,between 200001 to 40000,4 Stroke,21700,150000,From One Lac Twenty Thousand To  One Lac Fifty Thousand
Honda CG 125,Rawalpindi,2013,Standard,between 1 to 20000,4 Stroke,17000,125000,From One Lac Twenty Thousand To  One Lac Fifty Thousand
Honda CG 125,Karachi,2016,Standard,between 1 to 20000,4 Stroke,10000,135000,From One Lac Twenty Thousand To  One Lac Fifty Thousand
Honda CG 125,Rawalpindi,2022,Standard,between 1 to 20000,4 Stroke,2500,225000,From Two Lac Ten Thousand To  Two Lac Fourty Thousand
Honda CG 125,Karachi,2021,Standard,between 1 to 20000,4 Stroke,11000,150000,From One Lac Twenty Thousand To  One Lac Fifty Thousand
Honda CG 125,Rawalpindi,2022,Standard,between 1 to 20000,4 Stroke,7500,185000,From One Lac Eighty Thousand To  Two Lac Ten Thousand
Honda CG 125,Lahore,2021,Standard,between 1 to 20000,4 Stroke,16000,150000,From One Lac Twenty Thousand To  One Lac Fifty Thousand
Honda CG 125,Karachi,2015,Standard,between 1 to 20000,4 Stroke,15000,90000,From Sixty Thousand To Ninty Thousand
Honda CG 125,Lahore,2023,Standard,between 1 to 20000,4 Stroke,7500,215000,From Two Lac Ten Thousand To  Two Lac Fourty Thousand
Honda CG 125,Lahore,2017,Standard,between 40001 to 60000,4 Stroke,85000,120000,From Ninty Thousand To  One Lac Twenty Thousand
Honda CG 125,Lahore,2021,Standard,between 1 to 20000,4 Stroke,15785,190000,From One Lac Eighty Thousand To  Two Lac Ten Thousand
Honda CG 125,Karachi,2023,Standard,between 1 to 20000,4 Stroke,1800,232000,From Two Lac Ten Thousand To  Two Lac Fourty Thousand
Honda CG 125,Rawalpindi,2023,Standard,between 1 to 20000,4 Stroke,3500,215000,From Two Lac Ten Thousand To  Two Lac Fourty Thousand
Honda CG 125,Lahore,2021,Standard,between 1 to 20000,4 Stroke,17000,165000,From One Lac Fifty Thousand To  One Lac Eighty Thousand
Honda CG 125,Lahore,2016,Standard,between 40001 to 60000,4 Stroke,50000,93000,From Ninty Thousand To  One Lac Twenty Thousand
Honda CG 125,Karachi,2021,Standard,between 1 to 20000,4 Stroke,15500,175000,From One Lac Fifty Thousand To  One Lac Eighty Thousand
Honda CG 125,Karachi,2022,Standard,between 40001 to 60000,4 Stroke,45000,168000,From One Lac Fifty Thousand To  One Lac Eighty Thousand
Honda CD 70,Rawalpindi,2018,Standard,between 200001 to 40000,4 Stroke,25000,100000,From Ninty Thousand To  One Lac Twenty Thousand
Honda CG 125,Rawalpindi,2018,Standard,between 1 to 20000,4 Stroke,20000,65000,From Sixty Thousand To Ninty Thousand
Honda CG 125,Lahore,2021,Standard,between 1 to 20000,4 Stroke,17000,175000,From One Lac Fifty Thousand To  One Lac Eighty Thousand
Honda CD 70,Lahore,2021,Standard,between 1 to 20000,4 Stroke,8000,95000,From Ninty Thousand To  One Lac Twenty Thousand
Honda CD 70,Lahore,2019,Standard,between 1 to 20000,4 Stroke,13000,95000,From Ninty Thousand To  One Lac Twenty Thousand
Honda CG 125,Lahore,2023,Standard,between 1 to 20000,4 Stroke,5600,226000,From Two Lac Ten Thousand To  Two Lac Fourty Thousand
Honda CG 125,Rawalpindi,2017,Standard,between 200001 to 40000,4 Stroke,40000,142000,From One Lac Twenty Thousand To  One Lac Fifty Thousand
Honda CG 125,Rawalpindi,2023,Standard,between 1 to 20000,4 Stroke,9000,280000,From Two Lac Seventy Thousand To  Three Lac 
Honda CD 70,Lahore,2023,Standard,between 1 to 20000,4 Stroke,4000,129000,From One Lac Twenty Thousand To  One Lac Fifty Thousand
Honda CG 125,Karachi,2021,Standard,between 80000 to 1000000,4 Stroke,999999,165000,From One Lac Fifty Thousand To  One Lac Eighty Thousand
Honda CD 70,Karachi,2016,Standard,between 200001 to 40000,4 Stroke,35000,70000,From Sixty Thousand To Ninty Thousand
Honda CG 125,Lahore,2014,Standard,between 40001 to 60000,4 Stroke,50000,83000,From Sixty Thousand To Ninty Thousand
Honda CD 70,Lahore,2011,Standard,between 40001 to 60000,4 Stroke,50000,52500,From Thirty Thousand To Sixty Thousand
Honda CG 125,Rawalpindi,2023,Standard,between 1 to 20000,4 Stroke,4000,210000,From One Lac Eighty Thousand To  Two Lac Ten Thousand
Honda CG 125,Rawalpindi,1999,Standard,between 1 to 20000,4 Stroke,10000,110000,From Ninty Thousand To  One Lac Twenty Thousand
Honda CG 125,Karachi,2021,Standard,between 1 to 20000,4 Stroke,12345,215000,From Two Lac Ten Thousand To  Two Lac Fourty Thousand
Honda CG 125,Lahore,2021,Standard,between 1 to 20000,4 Stroke,12418,150000,From One Lac Twenty Thousand To  One Lac Fifty Thousand
Honda CG 125,Lahore,2013,Standard,between 1 to 20000,4 Stroke,1250,170000,From One Lac Fifty Thousand To  One Lac Eighty Thousand
Honda CG 125,Lahore,2020,Standard,between 200001 to 40000,4 Stroke,29000,155000,From One Lac Fifty Thousand To  One Lac Eighty Thousand
Honda CG 125,Lahore,2022,Standard,between 1 to 20000,4 Stroke,18000,180000,From One Lac Fifty Thousand To  One Lac Eighty Thousand
Honda CD 70,Karachi,2023,Standard,between 1 to 20000,4 Stroke,9000,135000,From One Lac Twenty Thousand To  One Lac Fifty Thousand
Honda CD 70,Lahore,2023,Standard,between 1 to 20000,4 Stroke,9000,142000,From One Lac Twenty Thousand To  One Lac Fifty Thousand
Honda CG 125,Lahore,2014,Standard,between 1 to 20000,4 Stroke,1,90000,From Sixty Thousand To Ninty Thousand
Honda CG 125,Rawalpindi,2016,Standard,between 40001 to 60000,4 Stroke,59000,140000,From One Lac Twenty Thousand To  One Lac Fifty Thousand
Honda CG 125,Lahore,2017,Standard,between 200001 to 40000,4 Stroke,24000,110000,From Ninty Thousand To  One Lac Twenty Thousand
Honda CG 125,Lahore,2009,Standard,between 40001 to 60000,4 Stroke,80000,72000,From Sixty Thousand To Ninty Thousand
Honda CD 70,Lahore,2012,Standard,between 40001 to 60000,4 Stroke,62327,65000,From Sixty Thousand To Ninty Thousand
Honda CD 70,Rawalpindi,2020,Standard,between 200001 to 40000,4 Stroke,25000,127000,From One Lac Twenty Thousand To  One Lac Fifty Thousand
Honda CG 125,Lahore,2014,Standard,between 40001 to 60000,4 Stroke,75000,115000,From Ninty Thousand To  One Lac Twenty Thousand
Honda CG 125,Karachi,2022,Standard,between 1 to 20000,4 Stroke,4000,180000,From One Lac Fifty Thousand To  One Lac Eighty Thousand
Honda CG 125,Rawalpindi,2005,Standard,between 1 to 20000,4 Stroke,7385,35000,From Thirty Thousand To Sixty Thousand
Honda CG 125,Lahore,2021,Standard,between 1 to 20000,4 Stroke,13400,159000,From One Lac Fifty Thousand To  One Lac Eighty Thousand
Honda CG 125,Rawalpindi,2022,Standard,between 1 to 20000,4 Stroke,7000,210000,From One Lac Eighty Thousand To  Two Lac Ten Thousand
Honda CD 70,Lahore,2021,Standard,between 1 to 20000,4 Stroke,5500,108000,From Ninty Thousand To  One Lac Twenty Thousand
Honda CG 125,Karachi,2003,Standard,between 40001 to 60000,4 Stroke,99999,130000,From One Lac Twenty Thousand To  One Lac Fifty Thousand
Honda CD 70,Rawalpindi,2016,Standard,between 1 to 20000,4 Stroke,12345,78000,From Sixty Thousand To Ninty Thousand
Honda CG 125,Lahore,2019,Standard,between 200001 to 40000,4 Stroke,30000,160000,From One Lac Fifty Thousand To  One Lac Eighty Thousand
Honda CD 70,Karachi,2022,Standard,between 1 to 20000,4 Stroke,6500,120000,From Ninty Thousand To  One Lac Twenty Thousand
Honda CG 125,Lahore,2023,Standard,between 1 to 20000,4 Stroke,6500,200000,From One Lac Eighty Thousand To  Two Lac Ten Thousand
Honda CG 125,Karachi,2023,Standard,between 1 to 20000,4 Stroke,4000,198000,From One Lac Eighty Thousand To  Two Lac Ten Thousand
Honda CG 125,Lahore,2022,Standard,between 1 to 20000,4 Stroke,4500,245000,From Two Lac Fourty Thousand To  Two Lac Seventy Thousand
Honda CD 70,Karachi,2023,Standard,between 1 to 20000,4 Stroke,10000,142000,From One Lac Twenty Thousand To  One Lac Fifty Thousand
Honda CG 125,Lahore,2016,Standard,between 1 to 20000,4 Stroke,5000,95000,From Ninty Thousand To  One Lac Twenty Thousand
Honda CD 70,Karachi,2017,Standard,between 1 to 20000,4 Stroke,15000,78000,From Sixty Thousand To Ninty Thousand
Honda CD 70,Rawalpindi,2017,Standard,between 1 to 20000,4 Stroke,3000,90000,From Sixty Thousand To Ninty Thousand
Honda CG 125,Karachi,2006,Standard,between 1 to 20000,4 Stroke,10000,65000,From Sixty Thousand To Ninty Thousand
Honda CG 125,Lahore,2022,Standard,between 1 to 20000,4 Stroke,8000,185000,From One Lac Eighty Thousand To  Two Lac Ten Thousand
Honda CG 125,Lahore,2021,Standard,between 1 to 20000,4 Stroke,20000,150000,From One Lac Twenty Thousand To  One Lac Fifty Thousand
Honda CG 125,Rawalpindi,2023,Standard,between 1 to 20000,4 Stroke,3000,215000,From Two Lac Ten Thousand To  Two Lac Fourty Thousand
Honda CG 125,Lahore,2022,Standard,between 1 to 20000,4 Stroke,6400,205000,From One Lac Eighty Thousand To  Two Lac Ten Thousand
Honda CG 125,Karachi,2022,Standard,between 1 to 20000,4 Stroke,6000,180000,From One Lac Fifty Thousand To  One Lac Eighty Thousand
Honda CG 125,Rawalpindi,2022,Standard,between 1 to 20000,4 Stroke,6000,180000,From One Lac Fifty Thousand To  One Lac Eighty Thousand
Honda CG 125,Rawalpindi,2022,Standard,between 1 to 20000,4 Stroke,12000,215000,From Two Lac Ten Thousand To  Two Lac Fourty Thousand
Honda CG 125,Lahore,2023,Standard,between 1 to 20000,4 Stroke,4500,218000,From Two Lac Ten Thousand To  Two Lac Fourty Thousand
Honda CG 125,Rawalpindi,2022,Standard,between 1 to 20000,4 Stroke,6200,215000,From Two Lac Ten Thousand To  Two Lac Fourty Thousand
Honda CD 70,Lahore,2018,Standard,between 200001 to 40000,4 Stroke,25000,79000,From Sixty Thousand To Ninty Thousand
Honda CD 70,Lahore,2022,Standard,between 200001 to 40000,4 Stroke,22957,118000,From Ninty Thousand To  One Lac Twenty Thousand
Honda CG 125,Karachi,2022,Standard,between 1 to 20000,4 Stroke,5250,190000,From One Lac Eighty Thousand To  Two Lac Ten Thousand
Honda CD 70,Lahore,2022,Standard,between 1 to 20000,4 Stroke,13,155000,From One Lac Fifty Thousand To  One Lac Eighty Thousand
Honda CG 125,Lahore,2022,Standard,between 1 to 20000,4 Stroke,20000,175000,From One Lac Fifty Thousand To  One Lac Eighty Thousand
Honda CG 125,Lahore,2017,Standard,between 1 to 20000,4 Stroke,18000,105000,From Ninty Thousand To  One Lac Twenty Thousand
Honda CG 125,Lahore,2023,Standard,between 1 to 20000,4 Stroke,4400,285000,From Two Lac Seventy Thousand To  Three Lac 
Honda CG 125,Lahore,2023,Standard,between 1 to 20000,4 Stroke,10000,195000,From One Lac Eighty Thousand To  Two Lac Ten Thousand
Honda CD 70,Karachi,2022,Standard,between 1 to 20000,4 Stroke,8310,85000,From Sixty Thousand To Ninty Thousand
Honda CG 125,Lahore,2022,Standard,between 200001 to 40000,4 Stroke,25000,175000,From One Lac Fifty Thousand To  One Lac Eighty Thousand
Honda CD 70,Rawalpindi,2019,Standard,between 1 to 20000,4 Stroke,16000,102000,From Ninty Thousand To  One Lac Twenty Thousand
Honda CG 125,Karachi,2023,Standard,between 1 to 20000,4 Stroke,1383,218000,From Two Lac Ten Thousand To  Two Lac Fourty Thousand
Honda CG 125,Lahore,2021,Standard,between 200001 to 40000,4 Stroke,26708,150000,From One Lac Twenty Thousand To  One Lac Fifty Thousand
Honda CD 70,Lahore,2022,Standard,between 1 to 20000,4 Stroke,9500,135000,From One Lac Twenty Thousand To  One Lac Fifty Thousand
Honda CG 125,Lahore,2022,Standard,between 1 to 20000,4 Stroke,4200,190000,From One Lac Eighty Thousand To  Two Lac Ten Thousand
Honda CD 70,Lahore,2022,Standard,between 1 to 20000,4 Stroke,10200,140000,From One Lac Twenty Thousand To  One Lac Fifty Thousand
Honda CG 125,Lahore,2017,Standard,between 1 to 20000,4 Stroke,2000,118000,From Ninty Thousand To  One Lac Twenty Thousand
Honda CG 125,Rawalpindi,2016,Standard,between 1 to 20000,4 Stroke,20000,300000,From Two Lac Seventy Thousand To  Three Lac 
Honda CD 70,Lahore,2023,Standard,between 1 to 20000,4 Stroke,3000,147000,From One Lac Twenty Thousand To  One Lac Fifty Thousand
Honda CD 70,Lahore,2018,Standard,between 1 to 20000,4 Stroke,20000,82000,From Sixty Thousand To Ninty Thousand
Honda CG 125,Rawalpindi,2017,Standard,between 200001 to 40000,4 Stroke,30000,120000,From Ninty Thousand To  One Lac Twenty Thousand
Honda CD 70,Lahore,2023,Standard,between 1 to 20000,4 Stroke,5147,138000,From One Lac Twenty Thousand To  One Lac Fifty Thousand
Honda CG 125,Karachi,2021,Standard,between 1 to 20000,4 Stroke,11000,155000,From One Lac Fifty Thousand To  One Lac Eighty Thousand
Honda CG 125,Lahore,2023,Standard,between 1 to 20000,4 Stroke,8500,190000,From One Lac Eighty Thousand To  Two Lac Ten Thousand
Honda CG 125,Karachi,2020,Standard,between 1 to 20000,4 Stroke,4200,170000,From One Lac Fifty Thousand To  One Lac Eighty Thousand
Honda CG 125,Karachi,2023,Standard,between 1 to 20000,4 Stroke,5000,170000,From One Lac Fifty Thousand To  One Lac Eighty Thousand
Honda CG 125,Lahore,2019,Standard,between 1 to 20000,4 Stroke,17000,129000,From One Lac Twenty Thousand To  One Lac Fifty Thousand
Honda CG 125,Lahore,2020,Standard,between 200001 to 40000,4 Stroke,36000,165000,From One Lac Fifty Thousand To  One Lac Eighty Thousand
Honda CG 125,Lahore,2013,Standard,between 40001 to 60000,4 Stroke,100000,80000,From Sixty Thousand To Ninty Thousand
Honda CD 70,Lahore,2016,Standard,between 200001 to 40000,4 Stroke,38000,69000,From Sixty Thousand To Ninty Thousand
Honda CG 125,Lahore,2021,Standard,between 1 to 20000,4 Stroke,16500,185000,From One Lac Eighty Thousand To  Two Lac Ten Thousand
Honda CG 125,Lahore,2023,Standard,between 1 to 20000,4 Stroke,3200,220000,From Two Lac Ten Thousand To  Two Lac Fourty Thousand
Honda CG 125,Rawalpindi,2019,Standard,between 1 to 20000,4 Stroke,45,160000,From One Lac Fifty Thousand To  One Lac Eighty Thousand
Honda CG 125,Rawalpindi,2023,Standard,between 1 to 20000,4 Stroke,7500,185000,From One Lac Eighty Thousand To  Two Lac Ten Thousand
Honda CG 125,Rawalpindi,2023,Standard,between 1 to 20000,4 Stroke,3500,216000,From Two Lac Ten Thousand To  Two Lac Fourty Thousand
Honda CG 125,Lahore,2019,Standard,between 1 to 20000,4 Stroke,15000,120000,From Ninty Thousand To  One Lac Twenty Thousand
Honda CG 125,Karachi,2017,Standard,between 1 to 20000,4 Stroke,17563,130000,From One Lac Twenty Thousand To  One Lac Fifty Thousand
Honda CD 70,Karachi,2023,Standard,between 1 to 20000,4 Stroke,5600,96000,From Ninty Thousand To  One Lac Twenty Thousand
Honda CG 125,Karachi,1986,Standard,between 1 to 20000,4 Stroke,12345,140000,From One Lac Twenty Thousand To  One Lac Fifty Thousand
Honda CG 125,Rawalpindi,2013,Standard,between 1 to 20000,4 Stroke,12000,85000,From Sixty Thousand To Ninty Thousand
Honda CG 125,Lahore,2021,Standard,between 200001 to 40000,4 Stroke,32000,152000,From One Lac Fifty Thousand To  One Lac Eighty Thousand
Honda CD 70,Rawalpindi,2023,Standard,between 1 to 20000,4 Stroke,136,144000,From One Lac Twenty Thousand To  One Lac Fifty Thousand
Honda CG 125,Lahore,2017,Standard,between 1 to 20000,4 Stroke,18000,99900,From Ninty Thousand To  One Lac Twenty Thousand
Honda CG 125,Rawalpindi,2022,Standard,between 1 to 20000,4 Stroke,6700,165000,From One Lac Fifty Thousand To  One Lac Eighty Thousand
Honda CG 125,Lahore,2013,Standard,between 1 to 20000,4 Stroke,12000,165000,From One Lac Fifty Thousand To  One Lac Eighty Thousand
Honda CG 125,Rawalpindi,2020,Standard,between 1 to 20000,4 Stroke,11008,160000,From One Lac Fifty Thousand To  One Lac Eighty Thousand
Honda CD 70,Karachi,2006,Standard,between 200001 to 40000,4 Stroke,34850,70000,From Sixty Thousand To Ninty Thousand
Honda CG 125,Lahore,2012,Standard,between 40001 to 60000,4 Stroke,75000,115000,From Ninty Thousand To  One Lac Twenty Thousand
Honda CD 70,Lahore,2019,Standard,between 1 to 20000,4 Stroke,7000,110000,From Ninty Thousand To  One Lac Twenty Thousand
Honda CD 70,Lahore,2002,Standard,between 1 to 20000,4 Stroke,20000,39000,From Thirty Thousand To Sixty Thousand
Honda CD 70,Rawalpindi,2019,Standard,between 1 to 20000,4 Stroke,10000,102000,From Ninty Thousand To  One Lac Twenty Thousand
Honda CD 70,Rawalpindi,2011,Standard,between 1 to 20000,4 Stroke,2500,60000,From Thirty Thousand To Sixty Thousand
Honda CG 125,Lahore,2016,Standard,between 1 to 20000,4 Stroke,12345,90000,From Sixty Thousand To Ninty Thousand
Honda CD 70,Lahore,2023,Standard,between 200001 to 40000,4 Stroke,25000,125000,From One Lac Twenty Thousand To  One Lac Fifty Thousand
Honda CG 125,Lahore,2022,Standard,between 1 to 20000,4 Stroke,300,170000,From One Lac Fifty Thousand To  One Lac Eighty Thousand
Honda CG 125,Lahore,2013,Standard,between 1 to 20000,4 Stroke,1,70000,From Sixty Thousand To Ninty Thousand
Honda CG 125,Lahore,2023,Standard,between 1 to 20000,4 Stroke,1,235000,From Two Lac Ten Thousand To  Two Lac Fourty Thousand
Honda CG 125,Lahore,2019,Standard,between 1 to 20000,4 Stroke,16000,140000,From One Lac Twenty Thousand To  One Lac Fifty Thousand
Honda CD 70,Lahore,2021,Standard,between 200001 to 40000,4 Stroke,32500,115000,From Ninty Thousand To  One Lac Twenty Thousand
Honda CG 125,Rawalpindi,2022,Standard,between 1 to 20000,4 Stroke,15000,185000,From One Lac Eighty Thousand To  Two Lac Ten Thousand
Honda CD 70,Lahore,2022,Standard,between 1 to 20000,4 Stroke,4500,117000,From Ninty Thousand To  One Lac Twenty Thousand
Honda CD 70,Lahore,2022,Standard,between 1 to 20000,4 Stroke,3800,145000,From One Lac Twenty Thousand To  One Lac Fifty Thousand
Honda CG 125,Lahore,2015,Standard,between 1 to 20000,4 Stroke,11056,130000,From One Lac Twenty Thousand To  One Lac Fifty Thousand
Honda CG 125,Rawalpindi,2003,Standard,between 1 to 20000,4 Stroke,4366,45000,From Thirty Thousand To Sixty Thousand
Honda CG 125,Rawalpindi,2010,Standard,between 1 to 20000,4 Stroke,7380,50000,From Thirty Thousand To Sixty Thousand
Honda CG 125,Lahore,2020,Standard,between 200001 to 40000,4 Stroke,29000,175000,From One Lac Fifty Thousand To  One Lac Eighty Thousand
Honda CG 125,Lahore,2013,Standard,between 1 to 20000,4 Stroke,20000,110000,From Ninty Thousand To  One Lac Twenty Thousand
Honda CD 70,Lahore,2022,Standard,between 1 to 20000,4 Stroke,4950,135000,From One Lac Twenty Thousand To  One Lac Fifty Thousand
Honda CD 70,Lahore,2020,Standard,between 200001 to 40000,4 Stroke,28900,112000,From Ninty Thousand To  One Lac Twenty Thousand
Honda CG 125,Lahore,2005,Standard,between 200001 to 40000,4 Stroke,25000,102000,From Ninty Thousand To  One Lac Twenty Thousand
Honda CG 125,Lahore,2021,Standard,between 200001 to 40000,4 Stroke,36000,185000,From One Lac Eighty Thousand To  Two Lac Ten Thousand
Honda CG 125,Lahore,2023,Standard,between 1 to 20000,4 Stroke,5600,210000,From One Lac Eighty Thousand To  Two Lac Ten Thousand
Honda CD 70,Lahore,2018,Standard,between 1 to 20000,4 Stroke,12345,75000,From Sixty Thousand To Ninty Thousand
Honda CG 125,Lahore,2021,Standard,between 1 to 20000,4 Stroke,12000,180000,From One Lac Fifty Thousand To  One Lac Eighty Thousand
Honda CG 125,Lahore,2022,Standard,between 1 to 20000,4 Stroke,8700,195000,From One Lac Eighty Thousand To  Two Lac Ten Thousand
Honda CG 125,Rawalpindi,2014,Standard,between 200001 to 40000,4 Stroke,30000,120000,From Ninty Thousand To  One Lac Twenty Thousand
Honda CG 125,Karachi,2022,Standard,between 1 to 20000,4 Stroke,1100,200000,From One Lac Eighty Thousand To  Two Lac Ten Thousand
Honda CG 125,Lahore,2018,Standard,between 40001 to 60000,4 Stroke,70000,130000,From One Lac Twenty Thousand To  One Lac Fifty Thousand
Honda CG 125,Lahore,2019,Standard,between 1 to 20000,4 Stroke,18000,130000,From One Lac Twenty Thousand To  One Lac Fifty Thousand
Honda CG 125,Lahore,2020,Standard,between 1 to 20000,4 Stroke,10000,145000,From One Lac Twenty Thousand To  One Lac Fifty Thousand
Honda CG 125,Karachi,2022,Standard,between 1 to 20000,4 Stroke,14000,190000,From One Lac Eighty Thousand To  Two Lac Ten Thousand
Honda CG 125,Lahore,2013,Standard,between 1 to 20000,4 Stroke,1,115000,From Ninty Thousand To  One Lac Twenty Thousand
Honda CG 125,Rawalpindi,2017,Standard,between 40001 to 60000,4 Stroke,101001,105000,From Ninty Thousand To  One Lac Twenty Thousand
Honda CD 70,Rawalpindi,2014,Standard,between 40001 to 60000,4 Stroke,50000,80000,From Sixty Thousand To Ninty Thousand
Honda CG 125,Karachi,2021,Standard,between 1 to 20000,4 Stroke,12000,150000,From One Lac Twenty Thousand To  One Lac Fifty Thousand
Honda CG 125,Rawalpindi,2010,Standard,between 40001 to 60000,4 Stroke,120921,95000,From Ninty Thousand To  One Lac Twenty Thousand
Honda CG 125,Rawalpindi,2022,Standard,between 1 to 20000,4 Stroke,19000,195000,From One Lac Eighty Thousand To  Two Lac Ten Thousand
Honda CG 125,Rawalpindi,2004,Standard,between 40001 to 60000,4 Stroke,170000,150000,From One Lac Twenty Thousand To  One Lac Fifty Thousand
Honda CG 125,Lahore,2023,Standard,between 1 to 20000,4 Stroke,3700,330000,From Three Lac To  Three Lac Thirty Thousand
Honda CG 125,Lahore,2021,Standard,between 1 to 20000,4 Stroke,15000,150000,From One Lac Twenty Thousand To  One Lac Fifty Thousand
Honda CG 125,Karachi,2019,Standard,between 200001 to 40000,4 Stroke,30000,120000,From Ninty Thousand To  One Lac Twenty Thousand
Honda CG 125,Lahore,2023,Standard,between 1 to 20000,4 Stroke,3663,210000,From One Lac Eighty Thousand To  Two Lac Ten Thousand
Honda CD 70,Lahore,2012,Standard,between 1 to 20000,4 Stroke,123,55000,From Thirty Thousand To Sixty Thousand
Honda CG 125,Lahore,2020,Standard,between 200001 to 40000,4 Stroke,25000,200000,From One Lac Eighty Thousand To  Two Lac Ten Thousand
Honda CG 125,Rawalpindi,2012,Standard,between 200001 to 40000,4 Stroke,40000,160000,From One Lac Fifty Thousand To  One Lac Eighty Thousand
Honda CD 70,Lahore,2019,Standard,between 40001 to 60000,4 Stroke,80000,92000,From Ninty Thousand To  One Lac Twenty Thousand
Honda CG 125,Rawalpindi,2018,Standard,between 1 to 20000,4 Stroke,20000,150000,From One Lac Twenty Thousand To  One Lac Fifty Thousand
Honda CG 125,Rawalpindi,2003,Standard,between 1 to 20000,4 Stroke,5386,37500,From Thirty Thousand To Sixty Thousand
Honda CG 125,Lahore,2023,Standard,between 1 to 20000,4 Stroke,11000,210000,From One Lac Eighty Thousand To  Two Lac Ten Thousand
Honda CG 125,Lahore,2021,Standard,between 200001 to 40000,4 Stroke,27000,180000,From One Lac Fifty Thousand To  One Lac Eighty Thousand
Honda CG 125,Lahore,2023,Standard,between 1 to 20000,4 Stroke,6900,210000,From One Lac Eighty Thousand To  Two Lac Ten Thousand
Honda CG 125,Karachi,2017,Standard,between 200001 to 40000,4 Stroke,28000,110000,From Ninty Thousand To  One Lac Twenty Thousand
Honda CG 125,Lahore,2022,Standard,between 1 to 20000,4 Stroke,8000,190000,From One Lac Eighty Thousand To  Two Lac Ten Thousand
Honda CG 125,Rawalpindi,2018,Standard,between 1 to 20000,4 Stroke,10100,130000,From One Lac Twenty Thousand To  One Lac Fifty Thousand
Honda CD 70,Karachi,2023,Standard,between 1 to 20000,4 Stroke,8000,150000,From One Lac Twenty Thousand To  One Lac Fifty Thousand
Honda CG 125,Lahore,2023,Standard,between 1 to 20000,4 Stroke,7300,196000,From One Lac Eighty Thousand To  Two Lac Ten Thousand
Honda CD 70,Lahore,2021,Standard,between 1 to 20000,4 Stroke,4500,106000,From Ninty Thousand To  One Lac Twenty Thousand
Honda CG 125,Lahore,2021,Standard,between 200001 to 40000,4 Stroke,25550,180000,From One Lac Fifty Thousand To  One Lac Eighty Thousand
Honda CG 125,Lahore,2020,Standard,between 1 to 20000,4 Stroke,13000,136000,From One Lac Twenty Thousand To  One Lac Fifty Thousand
Honda CD 70,Rawalpindi,2016,Standard,between 40001 to 60000,4 Stroke,123456,84000,From Sixty Thousand To Ninty Thousand
Honda CG 125,Lahore,2015,Standard,between 200001 to 40000,4 Stroke,25800,85000,From Sixty Thousand To Ninty Thousand
Honda CG 125,Lahore,2021,Standard,between 40001 to 60000,4 Stroke,55000,152000,From One Lac Fifty Thousand To  One Lac Eighty Thousand
Honda CD 70,Lahore,2021,Standard,between 1 to 20000,4 Stroke,14285,107000,From Ninty Thousand To  One Lac Twenty Thousand
Honda CG 125,Lahore,2023,Standard,between 1 to 20000,4 Stroke,2823,220000,From Two Lac Ten Thousand To  Two Lac Fourty Thousand
Honda CG 125,Karachi,2021,Standard,between 1 to 20000,4 Stroke,14500,170000,From One Lac Fifty Thousand To  One Lac Eighty Thousand
Honda CG 125,Rawalpindi,2023,Standard,between 1 to 20000,4 Stroke,900,230000,From Two Lac Ten Thousand To  Two Lac Fourty Thousand
Honda CD 70,Lahore,2017,Standard,between 200001 to 40000,4 Stroke,25000,75000,From Sixty Thousand To Ninty Thousand
Honda CG 125,Lahore,2023,Standard,between 1 to 20000,4 Stroke,3200,215000,From Two Lac Ten Thousand To  Two Lac Fourty Thousand
Honda CG 125,Rawalpindi,2010,Standard,between 1 to 20000,4 Stroke,9000,50000,From Thirty Thousand To Sixty Thousand
Honda CD 70,Karachi,2021,Standard,between 1 to 20000,4 Stroke,11000,110000,From Ninty Thousand To  One Lac Twenty Thousand
Honda CD 70,Lahore,2022,Standard,between 1 to 20000,4 Stroke,10000,130000,From One Lac Twenty Thousand To  One Lac Fifty Thousand
Honda CG 125,Lahore,2018,Standard,between 40001 to 60000,4 Stroke,58000,98000,From Ninty Thousand To  One Lac Twenty Thousand
Honda CD 70,Lahore,2023,Standard,between 1 to 20000,4 Stroke,8000,139000,From One Lac Twenty Thousand To  One Lac Fifty Thousand
Honda CG 125,Lahore,2023,Standard,between 1 to 20000,4 Stroke,7500,190000,From One Lac Eighty Thousand To  Two Lac Ten Thousand
Honda CG 125,Rawalpindi,2003,Standard,between 1 to 20000,4 Stroke,4256,37500,From Thirty Thousand To Sixty Thousand
Honda CG 125,Lahore,2007,Standard,between 40001 to 60000,4 Stroke,50000,175000,From One Lac Fifty Thousand To  One Lac Eighty Thousand
Honda CD 70,Rawalpindi,2023,Standard,between 1 to 20000,4 Stroke,655,155000,From One Lac Fifty Thousand To  One Lac Eighty Thousand
Honda CG 125,Lahore,2021,Standard,between 200001 to 40000,4 Stroke,22441,160000,From One Lac Fifty Thousand To  One Lac Eighty Thousand
Honda CG 125,Karachi,2017,Standard,between 200001 to 40000,4 Stroke,26829,95000,From Ninty Thousand To  One Lac Twenty Thousand
Honda CG 125,Lahore,2020,Standard,between 40001 to 60000,4 Stroke,50000,165000,From One Lac Fifty Thousand To  One Lac Eighty Thousand
Honda CG 125,Lahore,2021,Standard,between 1 to 20000,4 Stroke,14000,145000,From One Lac Twenty Thousand To  One Lac Fifty Thousand
Honda CD 70,Rawalpindi,2023,Standard,between 1 to 20000,4 Stroke,1200,120000,From Ninty Thousand To  One Lac Twenty Thousand
Honda CG 125,Lahore,2023,Standard,between 1 to 20000,4 Stroke,7800,215000,From Two Lac Ten Thousand To  Two Lac Fourty Thousand
Honda CG 125,Karachi,2021,Standard,between 1 to 20000,4 Stroke,11000,130000,From One Lac Twenty Thousand To  One Lac Fifty Thousand
Honda CG 125,Rawalpindi,2022,Standard,between 1 to 20000,4 Stroke,5000,188000,From One Lac Eighty Thousand To  Two Lac Ten Thousand
Honda CG 125,Lahore,2018,Standard,between 200001 to 40000,4 Stroke,22000,130000,From One Lac Twenty Thousand To  One Lac Fifty Thousand
Honda CG 125,Lahore,2015,Standard,between 200001 to 40000,4 Stroke,23000,102000,From Ninty Thousand To  One Lac Twenty Thousand
Honda CG 125,Lahore,2019,Standard,between 1 to 20000,4 Stroke,10423,120000,From Ninty Thousand To  One Lac Twenty Thousand
Honda CD 70,Lahore,2012,Standard,between 40001 to 60000,4 Stroke,200000,68000,From Sixty Thousand To Ninty Thousand
Honda CG 125,Rawalpindi,2022,Standard,between 1 to 20000,4 Stroke,7000,199000,From One Lac Eighty Thousand To  Two Lac Ten Thousand
Honda CG 125,Rawalpindi,2018,Standard,between 200001 to 40000,4 Stroke,28000,155000,From One Lac Fifty Thousand To  One Lac Eighty Thousand
Honda CD 70,Lahore,2021,Standard,between 40001 to 60000,4 Stroke,50000,110000,From Ninty Thousand To  One Lac Twenty Thousand
Honda CD 70,Karachi,2021,Standard,between 1 to 20000,4 Stroke,5000,109000,From Ninty Thousand To  One Lac Twenty Thousand
Honda CD 70,Lahore,2022,Standard,between 1 to 20000,4 Stroke,18230,120000,From Ninty Thousand To  One Lac Twenty Thousand
Honda CD 70,Karachi,2022,Standard,between 1 to 20000,4 Stroke,600,155000,From One Lac Fifty Thousand To  One Lac Eighty Thousand
Honda CD 70,Karachi,2006,Standard,between 40001 to 60000,4 Stroke,123456,45000,From Thirty Thousand To Sixty Thousand
Honda CG 125,Rawalpindi,2022,Standard,between 1 to 20000,4 Stroke,3500,182000,From One Lac Eighty Thousand To  Two Lac Ten Thousand
Honda CD 70,Lahore,2014,Standard,between 40001 to 60000,4 Stroke,71000,35000,From Thirty Thousand To Sixty Thousand
Honda CG 125,Karachi,2021,Standard,between 1 to 20000,4 Stroke,20000,155000,From One Lac Fifty Thousand To  One Lac Eighty Thousand
Honda CG 125,Rawalpindi,2023,Standard,between 1 to 20000,4 Stroke,5146,230000,From Two Lac Ten Thousand To  Two Lac Fourty Thousand
Honda CG 125,Rawalpindi,2022,Standard,between 1 to 20000,4 Stroke,12000,245000,From Two Lac Fourty Thousand To  Two Lac Seventy Thousand
Honda CG 125,Lahore,2022,Standard,between 1 to 20000,4 Stroke,8000,188000,From One Lac Eighty Thousand To  Two Lac Ten Thousand
Honda CG 125,Lahore,2022,Standard,between 1 to 20000,4 Stroke,12000,180000,From One Lac Fifty Thousand To  One Lac Eighty Thousand
Honda CD 70,Lahore,2018,Standard,between 1 to 20000,4 Stroke,15000,85000,From Sixty Thousand To Ninty Thousand
Honda CD 70,Rawalpindi,2015,Standard,between 1 to 20000,4 Stroke,1122,68000,From Sixty Thousand To Ninty Thousand
Honda CD 70,Rawalpindi,2022,Standard,between 1 to 20000,4 Stroke,18500,130000,From One Lac Twenty Thousand To  One Lac Fifty Thousand
Honda CD 70,Karachi,2023,Standard,between 1 to 20000,4 Stroke,241,168000,From One Lac Fifty Thousand To  One Lac Eighty Thousand
Honda CG 125,Rawalpindi,2021,Standard,between 1 to 20000,4 Stroke,5500,176000,From One Lac Fifty Thousand To  One Lac Eighty Thousand
Honda CD 70,Lahore,2013,Standard,between 1 to 20000,4 Stroke,15000,120000,From Ninty Thousand To  One Lac Twenty Thousand
Honda CD 70,Lahore,2022,Standard,between 1 to 20000,4 Stroke,4600,145000,From One Lac Twenty Thousand To  One Lac Fifty Thousand
Honda CG 125,Rawalpindi,2013,Standard,between 200001 to 40000,4 Stroke,25000,69500,From Sixty Thousand To Ninty Thousand
Honda CG 125,Karachi,2022,Standard,between 1 to 20000,4 Stroke,6000,167000,From One Lac Fifty Thousand To  One Lac Eighty Thousand
Honda CD 70,Lahore,2022,Standard,between 200001 to 40000,4 Stroke,24553,120000,From Ninty Thousand To  One Lac Twenty Thousand
Honda CD 70,Lahore,2023,Standard,between 1 to 20000,4 Stroke,1,158000,From One Lac Fifty Thousand To  One Lac Eighty Thousand
Honda CG 125,Karachi,2020,Standard,between 1 to 20000,4 Stroke,14000,150000,From One Lac Twenty Thousand To  One Lac Fifty Thousand
Honda CD 70,Lahore,2021,Standard,between 1 to 20000,4 Stroke,4420,125000,From One Lac Twenty Thousand To  One Lac Fifty Thousand
Honda CD 70,Rawalpindi,2018,Standard,between 1 to 20000,4 Stroke,18000,99000,From Ninty Thousand To  One Lac Twenty Thousand
Honda CG 125,Lahore,2018,Standard,between 40001 to 60000,4 Stroke,70000,115000,From Ninty Thousand To  One Lac Twenty Thousand
Honda CG 125,Lahore,2023,Standard,between 1 to 20000,4 Stroke,8000,200000,From One Lac Eighty Thousand To  Two Lac Ten Thousand
Honda CG 125,Lahore,2021,Standard,between 1 to 20000,4 Stroke,19000,175000,From One Lac Fifty Thousand To  One Lac Eighty Thousand
Honda CD 70,Lahore,2021,Standard,between 40001 to 60000,4 Stroke,50000,100000,From Ninty Thousand To  One Lac Twenty Thousand
Honda CG 125,Lahore,2022,Standard,between 1 to 20000,4 Stroke,14000,165000,From One Lac Fifty Thousand To  One Lac Eighty Thousand
Honda CD 70,Lahore,2023,Standard,between 1 to 20000,4 Stroke,3000,132000,From One Lac Twenty Thousand To  One Lac Fifty Thousand
Honda CG 125,Lahore,2012,Standard,between 40001 to 60000,4 Stroke,80000,65000,From Sixty Thousand To Ninty Thousand
Honda CD 70,Karachi,2023,Standard,between 1 to 20000,4 Stroke,102,98000,From Ninty Thousand To  One Lac Twenty Thousand
Honda CD 70,Lahore,2008,Standard,between 40001 to 60000,4 Stroke,64581,54000,From Thirty Thousand To Sixty Thousand
Honda CG 125,Lahore,2018,Standard,between 1 to 20000,4 Stroke,13000,135000,From One Lac Twenty Thousand To  One Lac Fifty Thousand
Honda CG 125,Karachi,2019,Standard,between 1 to 20000,4 Stroke,8000,84000,From Sixty Thousand To Ninty Thousand
Honda CG 125,Karachi,2017,Standard,between 1 to 20000,4 Stroke,1,110000,From Ninty Thousand To  One Lac Twenty Thousand
Honda CG 125,Lahore,2021,Standard,between 1 to 20000,4 Stroke,12000,155000,From One Lac Fifty Thousand To  One Lac Eighty Thousand
Honda CD 70,Lahore,2022,Standard,between 1 to 20000,4 Stroke,5500,122000,From One Lac Twenty Thousand To  One Lac Fifty Thousand
Honda CD 70,Karachi,1998,Standard,between 1 to 20000,4 Stroke,10000,50000,From Thirty Thousand To Sixty Thousand
Honda CG 125,Karachi,2015,Standard,between 40001 to 60000,4 Stroke,50000,100000,From Ninty Thousand To  One Lac Twenty Thousand
